Period,,,Calibration,,,,Analysis,,,Parameters,,,,,,
Start time,Finish Time,TimeStamp,Speicies,B filed (T),Area,Temperature (K),Polarization,Area,CC,A,G,r,wQ,wL,eta,xi
7/21/2022 16:18,7/28/2022 17:00,1658685141,Deuteron,5,-0.028111398,1.0849665,37.1312,-0.0267,-13.9028,0.069,0,1.801,0.027,32.682,-0.02,-0.169
,,1658685237,Deuteron,5,-0.027873499,1.08554271,37.553,-0.0266,-14.0919,0.069,0,1.815,0.027,32.682,-0.02,-0.179
,,1658685334,Deuteron,5,-0.028172686,1.08322396,37.903,-0.0267,-14.186,0.069,0,1.826,0.027,32.682,-0.02,-0.178
,,1658685430,Deuteron,5,-0.028150841,1.08482209,38.6965,-0.0269,-14.3873,0.07,0,1.853,0.027,32.682,-0.02,-0.19
,,1658685527,Deuteron,5,-0.027941429,1.08511077,36.9172,-0.0264,-13.9578,0.069,0,1.795,0.027,32.682,-0.02,-0.168
,,1658685623,Deuteron,5,-0.027702009,1.0866883,37.457,-0.0263,-14.2355,0.068,0,1.812,0.027,32.682,-0.02,-0.182
,,1658685720,Deuteron,5,-0.028649747,1.0865456,37.4796,-0.0267,-14.0363,0.069,0,1.813,0.027,32.682,-0.02,-0.185
,,1658685816,Deuteron,5,-0.028071507,1.0865456,38.1742,-0.0263,-14.521,0.067,0,1.835,0.027,32.682,-0.02,-0.185
,,1658685913,Deuteron,5,-0.028071167,1.08597337,37.599,-0.026,-14.4406,0.067,0,1.816,0.027,32.682,-0.02,-0.177
,,1658686009,Deuteron,5,-0.027754658,1.08453283,37.3816,-0.0266,-14.0294,0.069,0,1.809,0.027,32.682,-0.02,-0.167
,,1658686106,Deuteron,5,-0.028249652,1.08482209,37.8462,-0.0265,-14.2722,0.068,0,1.824,0.027,32.682,-0.02,-0.0187
,,1658686202,Deuteron,5,-0.027932349,1.084243,37.2388,-0.0266,-13.9793,0.069,0,1.805,0.027,32.682,-0.02,-0.18
7/28/2022 11:00,8/1/2022 11:00,1659206762,Deuteron,5,0.029272121,1.07862232,-11.9403,0.0313,-3.8207,0.087,0,0.835,0.027,32.682,-0.02,-0.085
,,1659206859,Deuteron,5,0.029608264,1.07862232,-8.7678,0.0311,-2.8207,0.086,0,0.876,0.027,32.682,-0.02,-0.091
,,1659206955,Deuteron,5,0.029298475,1.07952455,-9.9966,0.0312,-3.2031,0.086,0,0.86,0.027,32.682,-0.02,-0.097
,,1659207052,Deuteron,5,0.029813061,1.07967437,-9.4034,0.0315,-2.9813,0.087,0,0.868,0.027,32.682,-0.02,-0.106
,,1659207148,Deuteron,5,0.029519889,1.0789237,-8.8731,0.0313,-2.8391,0.085,0,0.875,0.027,32.682,-0.02,-0.091
,,1659207245,Deuteron,5,0.029857141,1.07952455,-8.729,0.0318,2.7459,0.089,0,0.877,0.027,32.682,-0.02,-0.099
,,1659207341,Deuteron,5,0.02938715,1.07952455,-9.5862,0.0311,-3.0803,0.086,0,0.866,0.027,32.682,-0.02,-0.107
,,1659207437,Deuteron,5,0.029451522,1.07907415,-8.8878,0.0314,-2.8271,0.086,0,0.875,0.027,32.682,-0.02,-0.094
,,1659207534,Deuteron,5,0.029761841,1.0789237,-8.9022,0.0318,-2.7959,0.088,0,0.875,0.027,32.682,-0.02,-0.093
,,1659207630,Deuteron,5,0.029245264,1.08042113,-9.602,0.0313,-3.0647,0.086,0,0.865,0.027,32.682,-0.02,-0.111
8/1/2022 9:50,8/8/2022 10:42,1659787386,Deuteron,5,-0.044654593,1.08409786,38.1191,-0.0446,-8.5405,0.071,0,1.833,0.027,32.682,-0.02,-0.145
,,1659787483,Deuteron,5,-0.044960656,1.08725772,38.3212,-0.0443,-8.642,0.07,0,1.84,0.027,32.682,-0.02,-0.145
,,1659787579,Deuteron,5,-0.044088914,1.08683087,38.8721,-0.0444,-8.7473,0.07,0,1.858,0.027,32.682,-0.02,-0.145
,,1659787676,Deuteron,5,-0.044440235,1.08366157,39.4179,-0.0447,-8.8249,0.071,0,1.877,0.027,32.682,-0.02,-0.153
,,1659787772,Deuteron,5,-0.044775807,1.0849665,38.3344,-0.0445,-8.6128,0.07,0,1.841,0.027,32.682,-0.02,-0.145
,,1659787869,Deuteron,5,-0.044269692,1.0849665,37.8872,-0.0448,-8.4576,0.071,0,1.826,0.027,32.682,-0.02,-0.14
,,1659787965,Deuteron,5,-0.044352766,1.08351585,38.7424,-0.0445,-8.7051,0.071,0,1.854,0.027,32.682,-0.02,-0.145
,,1659788061,Deuteron,5,-0.044758812,1.08979288,38.9194,-0.0446,-8.7246,0.071,0,1.86,0.027,32.682,-0.02,-0.156
,,1659788158,Deuteron,5,-0.044342144,1.08824887,38.0096,-0.0446,-8.5273,0.071,0,1.83,0.027,32.682,-0.02,-0.143
,,1659788254,Deuteron,5,-0.044840969,1.08366157,39.1462,-0.0446,-8.7788,0.071,0,1.868,0.027,32.682,-0.02,-0.155
,,1659788351,Deuteron,5,-0.044958771,1.08395258,38.5635,-0.0445,-8.6712,0.071,0,1.848,0.027,32.682,-0.02,-0.146
,,1659788447,Deuteron,5,-0.044788663,1.08482209,38.6779,-0.0447,-8.6507,0.071,0,1.852,0.027,32.682,-0.02,-0.147
,,1659788544,Deuteron,5,-0.044166146,1.08453283,38.9593,-0.0446,-8.7271,0.071,0,1.861,0.027,32.682,-0.02,-0.155
8/8/2022 10:45,8/11/2022 8:00,1660188285,Deuteron,5,0.029573774,1.08057002,-9.6834,0.0311,-3.1164,0.086,0,0.864,0.027,32.682,-0.02,-0.106
,,1660188381,Deuteron,5,0.029826325,1.07862232,-8.549,0.0312,-2.7399,0.085,0,0.879,0.027,32.682,-0.02,-0.111
,,1660188478,Deuteron,5,0.029880688,1.07967437,-6.9359,0.0312,-2.2242,0.085,0,0.901,0.027,32.682,-0.02,-0.134
,,1660188574,Deuteron,5,0.029717142,1.07832031,-9.7148,0.0313,-3.1086,0.086,0,0.864,0.027,32.682,-0.02,-0.102
,,1660188671,Deuteron,5,0.029746893,1.08027209,-10.291,0.0314,-3.2747,0.087,0,0.856,0.027,32.682,-0.02,-0.104
,,1660188767,Deuteron,5,0.030037518,1.07756249,-9.119,0.0315,-2.899,0.087,0,0.872,0.027,32.682,-0.02,-0.108
,,1660188864,Deuteron,5,0.030074356,1.0789237,-8.5518,0.0313,-2.7294,0.087,0,0.879,0.027,32.682,-0.02,-0.108
,,1660188960,Deuteron,5,0.029608487,1.07816907,-9.8167,0.0309,-3.1815,0.085,0,0.862,0.027,32.682,-0.02,-0.113
,,1660189057,Deuteron,5,0.029891261,1.07952455,-9.9017,0.0315,-3.1415,0.086,0,0.862,0.027,32.682,-0.02,-0.105
,,1660189153,Deuteron,5,0.029791798,1.07862232,-9.9021,0.0313,-3.1598,0.086,0,0.861,0.027,32.682,-0.02,-0.102
,,1660189250,Deuteron,5,0.029655042,1.07922444,-9.2721,0.0313,-2.9644,0.086,0,0.87,0.027,32.682,-0.02,-0.102
,,1660189346,Deuteron,5,0.029857374,1.07832031,-8.3689,0.0314,-2.6621,0.086,0,0.882,0.027,32.682,-0.02,-0.108
,,1660189442,Deuteron,5,0.02972386,1.07862232,-9.3837,0.0312,-3.0095,0.086,0,0.868,0.027,32.682,-0.02,-0.116
9/6/2022 12:00,9/9/2022 14:24,1662628898,Deuteron,5,-0.263243732,1.09296947,40.0223,-0.2752,-1.4541,0.078,0,1.898,0.027,32.685,-0.02,0.022
,,1662628995,Deuteron,5,-0.263195197,1.09007187,40.2393,0.2751,-1.4628,0.078,0,1.905,0.027,32.685,-0.02,0.02
,,1662629091,Deuteron,5,-0.263272733,1.09145883,40.0573,-0.2754,-1.4547,0.078,0,1.899,0.027,32.685,-0.02,0.022
,,1662629188,Deuteron,5,-0.263088828,1.09351496,40.2531,-0.275,-1.4637,0.078,0,1.906,0.027,32.685,-0.02,0.02
,,1662629284,Deuteron,5,-0.26367369,1.09473495,40.0957,-0.2755,-1.4554,0.079,0,1.9,0.027,32.685,-0.02,0.021
,,1662629381,Deuteron,5,-0.262869673,1.09214742,40.1686,-0.2748,-1.4619,0.078,0,1.903,0.027,32.685,-0.02,0.021
,,1662629477,Deuteron,5,-0.263036863,1.09310603,39.9197,-0.2751,-1.4509,0.078,0,1.894,0.027,32.685,-0.02,0.024
,,1662629574,Deuteron,5,-0.263604337,1.09132073,40.0805,-0.2752,-1.4564,0.079,0,1.9,0.027,32.685,-0.02,0.022
,,1662629670,Deuteron,5,-0.263159415,1.09214742,39.9953,-0.2751,-1.4536,0.078,0,1.897,0.027,32.685,-0.02,0.023
,,1662629767,Deuteron,5,-0.263325461,1.09269597,40.1432,-0.2753,-1.458,0.078,0,1.902,0.027,32.685,-0.02,0.021
,,1662629863,Deuteron,5,-0.263112107,1.08979288,39.9908,-0.275,-1.454,0.078,0,1.896,0.027,32.685,-0.02,0.023
9/9/2022 19:10,9/11/2022 13:30,1662796550,Deuteron,5,0.223180895,1.0789237,-33.948,0.2333,-1.4551,0.081,0,0.587,0.027,32.685,-0.02,-0.011
,,1662796647,Deuteron,5,0.223054729,1.07907415,-33.7843,0.2331,-1.4495,0.081,0,0.588,0.027,32.685,-0.02,-0.012
,,1662796743,Deuteron,5,0.223443369,1.07756249,-33.9346,0.2334,-1.4539,0.081,0,0.587,0.027,32.685,-0.02,-0.014
,,1662796840,Deuteron,5,0.222873402,1.08175559,-33.8284,0.2328,-1.4529,0.081,0,0.588,0.027,32.685,-0.02,-0.015
,,1662796936,Deuteron,5,0.223355949,1.08086733,-33.6386,0.2331,-1.4431,0.081,0,0.59,0.027,32.685,-0.02,-0.013
,,1662797033,Deuteron,5,0.223001591,1.07922444,-33.7665,0.2331,-1.4487,0.081,0,0.589,0.027,32.685,-0.02,-0.013
9/11/2022 14:00,9/13/2022 17:45,1663033199,Deuteron,5,0.217018202,1.08190311,-34.1953,0.2267,-1.5081,0.08,0,0.584,0.027,32.685,-0.02,-0.016
,,1663033296,Deuteron,5,0.216250721,1.08071875,-34.2871,0.2261,-1.5165,0.08,0,0.583,0.027,32.685,-0.02,-0.015
,,1663033392,Deuteron,5,0.216708696,1.08205047,-34.2474,0.2265,-1.5122,0.08,0,0.584,0.027,32.685,-0.02,-0.017
,,1663033489,Deuteron,5,0.21622702,1.08146012,-34.23,0.2259,-1.5156,0.08,0,0.584,0.027,32.685,-0.02,-0.018
,,1663033585,Deuteron,5,0.216435719,1.08146012,-34.2196,0.2262,-1.513,0.08,0,0.584,0.027,32.685,-0.02,-0.016
,,1663033682,Deuteron,5,0.216669369,1.08219768,-34.0168,0.2263,-1.5032,0.08,0,0.586,0.027,32.685,-0.02,-0.018
,,1663033778,Deuteron,5,0.216582581,1.08190311,-34.0947,0.2264,-1.5056,0.08,0,0.585,0.027,32.685,-0.02,-0.016
,,1663033875,Deuteron,5,0.216119892,1.08263841,-34.1852,0.2259,-1.5134,0.08,0,0.584,0.027,32.685,-0.02,-0.018
,,1663033971,Deuteron,5,0.21690603,1.08175559,-34.1549,0.2266,-1.5071,0.08,0,0.585,0.027,32.685,-0.02,-0.015
,,1663034067,Deuteron,5,0.216556953,1.08131215,-34.1302,0.2262,-1.5087,0.08,0,0.585,0.027,32.685,-0.02,-0.018
,,1663034164,Deuteron,5,0.216457832,1.07907415,-34.0718,0.2263,-1.5057,0.08,0,0.586,0.027,32.685,-0.02,-0.018
,,1663034260,Deuteron,5,0.216882765,1.08101576,-34.0855,0.2266,-1.5041,0.08,0,0.585,0.027,32.685,-0.02,-0.018
9/20/2022 10:15,9/22/2022 20:00,1663805216,Deuteron,5,-0.300269042,1.09365102,45.3393,-0.314,-1.4441,0.082,0,2.097,0.027,32.685,-0.02,0.019
,,1663805312,Deuteron,5,-0.300419791,1.09687919,45.3355,-0.3143,-1.4424,0.082,0,2.097,0.027,32.685,-0.02,0.018
,,1663805408,Deuteron,5,-0.300411493,1.09741042,45.4345,-0.3142,-1.4463,0.082,0,2.101,0.027,32.685,-0.02,0.016
,,1663805505,Deuteron,5,-0.300300053,1.08993244,45.502,-0.314,-1.4491,0.082,0,2.104,0.027,32.685,-0.02,0.015
,,1663805601,Deuteron,5,-0.300309956,1.09255902,45.3529,-0.3142,-1.4433,0.082,0,2.098,0.027,32.685,-0.02,0.018
9/22/2022 21:55,9/23/2022 14:50,1663925887,Deuteron,5,0.228203087,1.08205047,-35.4497,0.2384,-1.487,0.082,0,0.572,0.027,32.685,-0.02,0.007
,,1663925984,Deuteron,5,0.228006073,1.07862232,-35.2366,0.2382,-1.4791,0.082,0,0.574,0.027,32.685,-0.02,-0.011
,,1663926080,Deuteron,5,0.228129754,1.08278502,-35.3784,0.2384,-1.484,0.082,0,0.572,0.027,32.685,-0.02,-0.007
,,1663926177,Deuteron,5,0.228295337,1.07480052,-35.2957,0.2385,-1.4799,0.082,0,0.573,0.027,32.685,-0.02,-0.008
,,1663926273,Deuteron,5,0.227945393,1.07877309,-35.2867,0.2381,-1.4819,0.082,0,0.573,0.027,32.685,-0.02,-0.01
,,1663926369,Deuteron,5,0.228409484,1.08146012,-35.3718,0.2386,-1.4827,0.082,0,0.573,0.027,32.685,-0.02,-0.011
,,1663926466,Deuteron,5,0.228510585,1.07982403,-35.3999,0.2387,-1.483,0.082,0,0.572,0.027,32.685,-0.02,-0.005
,,1663926562,Deuteron,5,0.227911655,1.08116403,-35.2854,0.2383,-1.4808,0.082,0,0.573,0.027,32.685,-0.02,-0.01
,,1663926659,Deuteron,5,0.228190658,1.08234474,-35.4381,0.2383,-1.4873,0.082,0,0.572,0.027,32.685,-0.02,-0.007
,,1663926755,Deuteron,5,0.228141426,1.08175559,-35.3114,0.2383,-1.4819,0.082,0,0.573,0.027,32.685,-0.02,-0.006
10/19/2022 10:00,10/22/2022 21:00,1666343061,Deuteron,5,-0.290496137,1.09296947,44.846,-0.3033,-1.4787,0.079,0,2.077,0.027,32.679,-0.02,0.009
,,1666343157,Deuteron,5,-0.290286329,1.09145883,44.9335,-0.303,-1.483,0.079,0,2.081,0.027,32.679,-0.02,0.009
,,1666343254,Deuteron,5,-0.290413449,1.08467753,44.8574,-0.3033,-1.4792,0.079,0,2.078,0.027,32.679,-0.02,0.01
,,1666343350,Deuteron,5,-0.290396696,1.09310603,44.9672,-0.3031,-1.4834,0.079,0,2.082,0.027,32.679,-0.02,0.009
,,1666343447,Deuteron,5,-0.290165199,1.09296947,44.87,-0.3029,-1.4813,0.079,0,2.078,0.027,32.679,-0.02,0.01
,,1666343543,Deuteron,5,-0.290513491,1.09062823,44.8147,-0.3032,-1.4779,0.079,0,2.076,0.027,32.679,-0.02,0.011
,,1666343640,Deuteron,5,-0.290388475,1.09793975,44.8363,-0.3032,-1.4789,0.079,0,2.077,0.027,32.679,-0.02,0.01
,,1666343736,Deuteron,5,-0.290383311,1.08725772,44.8616,-0.3032,-1.4798,0.079,0,2.078,0.027,32.679,-0.02,0.009
,,1666343833,Deuteron,5,-0.290359509,1.08768333,44.8774,-0.3032,-1.4803,0.079,0,2.079,0.027,32.679,-0.02,0.01
10/22/2022 22:30,10/27/2022 12:00,1666682432,Deuteron,5,0.197965556,1.06650546,-32.1572,0.2072,-1.5522,0.083,0,0.605,0.027,32.679,-0.02,-0.02
,,1666682529,Deuteron,5,0.198722879,1.06650546,-32.4681,0.208,-1.5612,0.083,0,0.602,0.027,32.679,-0.02,-0.017
,,1666682625,Deuteron,5,0.198424637,1.07182572,-32.3694,0.2076,-1.5592,0.083,0,0.603,0.027,32.679,-0.02,-0.018
,,1666682722,Deuteron,5,0.197584879,1.06894867,-32.1973,0.2069,-1.5562,0.083,0,0.605,0.027,32.679,-0.02,-0.018
,,1666682818,Deuteron,5,0.198501842,1.07166741,-32.2285,0.2077,-1.5514,0.083,0,0.604,0.027,32.679,-0.02,-0.018
,,1666682915,Deuteron,5,0.198611915,1.0628434,-32.3852,0.2079,-1.5574,0.083,0,0.603,0.027,32.679,-0.02,-0.019
,,1666683011,Deuteron,5,0.198542796,1.08146012,-32.4974,0.2078,-1.5635,0.083,0,0.602,0.027,32.679,-0.02,-0.02
,,1666683107,Deuteron,5,0.198360622,1.07261463,-32.2418,0.2076,-1.5533,0.083,0,0.604,0.027,32.679,-0.02,-0.016
,,1666683204,Deuteron,5,0.198012441,1.08160793,-32.3585,0.2072,-1.5614,0.083,0,0.603,0.027,32.679,-0.02,-0.016
2/1/2023 10:15,2/5/2023 14:30,1675549968,Deuteron,5,-0.114844868,1.08219768,43.5126,-0.1199,-3.6304,0.078,0,2.025,0.027,32.698,-0.02,0.001
,,1675550040,Deuteron,5,-0.11487546,1.08482209,43.1092,-0.1198,-3.5996,0.078,0,2.01,0.027,32.698,-0.02,-0.006
,,1675550112,Deuteron,5,-0.114811422,1.08697329,43.6675,-0.1196,-3.6523,0.078,0,2.031,0.027,32.698,-0.02,-0.007
,,1675550185,Deuteron,5,-0.114828288,1.08683087,43.507,-0.1196,-3.6372,0.077,0,2.025,0.027,32.698,-0.02,-0.001
,,1675550257,Deuteron,5,-0.114510197,1.08438799,43.8983,-0.1195,-3.6741,0.077,0,2.04,0.027,32.698,-0.02,0
,,1675550329,Deuteron,5,-0.114550278,1.08278502,44.2182,-0.1195,-3.6995,0.077,0,2.052,0.027,32.698,-0.02,0.006
,,1675550402,Deuteron,5,-0.11469877,1.0830778,43.944,-0.1197,-3.6703,0.077,0,2.042,0.027,32.698,-0.02,0.002
,,1675550474,Deuteron,5,-0.114630813,1.08582996,43.2068,-0.1195,-3.6151,0.077,0,2.013,0.027,32.698,-0.02,0.001
,,1675550546,Deuteron,5,-0.114962748,1.0866883,43.0815,-0.1198,-3.5974,0.077,0,2.008,0.027,32.698,-0.02,0.001
,,1675550619,Deuteron,5,-0.114131732,1.0875416,43.5159,-0.119,-3.6569,0.077,0,2.025,0.027,32.698,-0.02,0
,,1675550691,Deuteron,5,-0.114546189,1.08438799,43.6891,-0.1196,-3.6538,0.077,0,2.032,0.027,32.698,-0.02,0.002
,,1675550763,Deuteron,5,-0.114720477,1.0830778,43.9394,-0.1196,-3.6744,0.077,0,2.041,0.027,32.698,-0.02,-0.011
,,1675550836,Deuteron,5,-0.114694121,1.0830778,44.1406,-0.1195,-3.6923,0.077,0,2.049,0.027,32.698,-0.02,-0.004
,,1675550908,Deuteron,5,-0.114692249,1.08539887,43.8046,-0.1197,-3.6594,0.077,0,2.036,0.027,32.698,-0.02,0.001
,,1675550980,Deuteron,5,-0.114991692,1.08611664,43.2981,-0.1198,-3.6137,0.078,0,2.017,0.027,32.698,-0.02,0.005
,,1675551053,Deuteron,5,-0.114660514,1.08640275,43.9298,-0.1195,-3.6751,0.078,0,2.041,0.027,32.698,-0.02,0.001
,,1675551125,Deuteron,5,-0.114600012,1.08467753,43.3897,-0.1196,-3.6277,0.077,0,2.02,0.027,32.698,-0.02,0.005
,,1675551197,Deuteron,5,-0.114735699,1.08175559,43.4028,-0.1196,-3.6293,0.077,0,2.021,0.027,32.698,-0.02,0.002
,,1675551270,Deuteron,5,-0.114803555,1.08438799,43.5416,-0.1199,-3.631,0.077,0,2.026,0.027,32.698,-0.02,0.003
,,1675551342,Deuteron,5,-0.114983974,1.0866883,43.844,-0.12,-3.653,0.077,0,2.038,0.027,32.698,-0.02,0
,,1675551414,Deuteron,5,-0.114670592,1.0866883,43.7939,-0.1196,-3.6624,0.077,0,2.036,0.027,32.698,-0.02,-0.001
,,1675551487,Deuteron,5,-0.114601012,1.084243,43.5615,-0.1195,-3.6443,0.077,0,2.027,0.027,32.698,-0.02,-0.001
,,1675551559,Deuteron,5,-0.114977807,1.08190311,43.6245,-0.12,-3.6343,0.078,0,2.029,0.027,32.698,-0.02,-0.002
,,1675551631,Deuteron,5,-0.114708749,1.08453283,43.733,-0.1196,-3.6567,0.077,0,2.033,0.027,32.698,-0.02,-0.002
,,1675551704,Deuteron,5,-0.114980553,1.0849665,43.6295,-0.12,-3.6355,0.077,0,2.029,0.027,32.698,-0.02,0.003
,,1675551776,Deuteron,5,-0.11498311,1.0875416,43.3915,-0.1199,-3.6189,0.078,0,2.02,0.027,32.698,-0.02,-0.005
,,1675551848,Deuteron,5,-0.114227455,1.08768333,43.7369,-0.1193,-3.6668,0.077,0,2.034,0.027,32.698,-0.02,0.003
,,1675551921,Deuteron,5,-0.114508715,1.08625977,44.1173,-0.1196,-3.6888,0.077,0,2.048,0.027,32.698,-0.02,0.007
,,1675551993,Deuteron,5,-0.114690958,1.08190311,43.4583,-0.1197,-3.6318,0.077,0,2.023,0.027,32.698,-0.02,-0.005
,,1675552066,Deuteron,5,-0.114882154,1.08568641,44.5423,-0.1201,-3.7087,0.077,0,2.065,0.027,32.698,-0.02,0.002
,,1675552138,Deuteron,5,-0.115057996,1.0875416,43.307,-0.12,-3.6091,0.078,0,2.017,0.027,32.698,-0.02,0.001
,,1675552210,Deuteron,5,-0.114982413,1.08683087,43.7454,-0.1199,-3.6495,0.078,0,2.034,0.027,32.698,-0.02,0.002
,,1675552283,Deuteron,5,-0.114722034,1.08597337,43.9278,-0.1197,-3.6708,0.077,0,2.041,0.027,32.698,-0.02,0.006
,,1675552355,Deuteron,5,-0.11480929,1.08554271,43.6955,-0.1198,-3.647,0.078,0,2.032,0.027,32.698,-0.02,-0.006
,,1675552427,Deuteron,5,-0.114433715,1.08838992,43.8493,-0.1196,-3.6674,0.077,0,2.038,0.027,32.698,-0.02,0.001
,,1675552500,Deuteron,5,-0.11472253,1.08582996,43.1921,-0.1197,-3.607,0.078,0,2.013,0.027,32.698,-0.02,-0.005
,,1675552572,Deuteron,5,-0.115114189,1.08366157,43.8178,-0.1202,-3.6449,0.078,0,2.037,0.027,32.698,-0.02,-0.002
,,1675552644,Deuteron,5,-0.115070469,1.08409786,43.9641,-0.12,-3.6633,0.077,0,2.042,0.027,32.698,-0.02,-0.003
,,1675552717,Deuteron,5,-0.114804638,1.0830778,43.7074,-0.1199,-3.6461,0.077,0,2.032,0.027,32.698,-0.02,0.003
,,1675552789,Deuteron,5,-0.114345446,1.08683087,44.4974,-0.1197,-3.7188,0.076,0,2.063,0.027,32.698,-0.02,0.011
,,1675552861,Deuteron,5,-0.11462264,1.08993244,43.7918,-0.1196,-3.6625,0.077,0,2.036,0.027,32.698,-0.02,0.003
,,1675552934,Deuteron,5,-0.114535189,1.09048934,43.6929,-0.1194,-3.6586,0.077,0,2.032,0.027,32.698,-0.02,0.002
,,1675553006,Deuteron,5,-0.114749662,1.08234474,43.5634,-0.1198,-3.6363,0.077,0,2.027,0.027,32.698,-0.02,0.003
,,1675553078,Deuteron,5,-0.114595383,1.08249165,43.7831,-0.1197,-3.6593,0.077,0,2.035,0.027,32.698,-0.02,0.001
,,1675553151,Deuteron,5,-0.114947165,1.08511077,44.0791,-0.12,-3.6738,0.077,0,2.047,0.027,32.698,-0.02,0.003
,,1675553223,Deuteron,5,-0.114898255,1.08725772,43.6644,-0.1199,-3.6406,0.077,0,2.031,0.027,32.698,-0.02,0.003
,,1675553295,Deuteron,5,-0.114592502,1.08697329,43.8146,-0.1196,-3.6624,0.077,0,2.037,0.027,32.698,-0.02,0.004
,,1675553368,Deuteron,5,-0.114401777,1.0830778,44.221,-0.1195,-3.702,0.077,0,2.053,0.027,32.698,-0.02,0.002
,,1675553440,Deuteron,5,-0.114664909,1.08568641,44.1481,-0.1198,-3.6865,0.077,0,2.05,0.027,32.698,-0.02,0.005
,,1675553512,Deuteron,5,-0.114749856,1.0865456,44.1559,-0.1197,-3.6876,0.077,0,2.05,0.027,32.698,-0.02,0.001
2/6/2023 15:40,2/10/2023 9:40,1675793679,Deuteron,5,0.104703214,1.0658467,-39.9191,0.1096,-3.6408,0.077,0,0.528,0.027,32.698,-0.02,-0.018
,,1675793776,Deuteron,5,0.10444109,1.06943227,-39.8539,0.1093,-3.645,0.076,0,0.529,0.027,32.698,-0.02,-0.019
,,1675793872,Deuteron,5,0.104422508,1.07166741,-39.896,0.1094,-3.6464,0.077,0,0.528,0.027,32.698,-0.02,-0.017
,,1675793968,Deuteron,5,0.104817967,1.0700745,-39.7529,0.1097,-3.6244,0.077,0,0.53,0.027,32.698,-0.02,-0.017
,,1675794065,Deuteron,5,0.104481996,1.0643531,-40.1818,0.1093,-3.6758,0.077,0,0.525,0.027,32.698,-0.02,-0.017
,,1675794161,Deuteron,5,0.104611495,1.06634106,-39.8384,0.1096,-3.6365,0.077,0,0.529,0.027,32.698,-0.02,-0.018
,,1675794258,Deuteron,5,0.10445615,1.06943227,-40.0409,0.1094,-3.6616,0.076,0,0.527,0.027,32.698,-0.02,-0.018
,,1675794354,Deuteron,5,0.104724188,1.06894867,-40.1346,0.1096,-3.6627,0.077,0,0.526,0.027,32.698,-0.02,-0.016
,,1675794451,Deuteron,5,0.104726625,1.06813897,-40.1431,0.1096,-3.6616,0.077,0,0.526,0.027,32.698,-0.02,-0.014
,,1675794547,Deuteron,5,0.104576012,1.07603467,-40.2667,0.1094,-3.68,0.076,0,0.525,0.027,32.698,-0.02,-0.017
,,1675794644,Deuteron,5,0.10447731,1.07771438,-39.3177,0.1094,-3.5924,0.077,0,0.534,0.027,32.698,-0.02,-0.009
,,1675794740,Deuteron,5,0.104215124,1.06862534,-40.0595,0.1091,-3.6705,0.076,0,0.527,0.027,32.698,-0.02,-0.017
,,1675794836,Deuteron,5,0.104804142,1.0695931,-40.1518,0.1096,-3.6623,0.077,0,0.526,0.027,32.698,-0.02,-0.02
,,1675794933,Deuteron,5,0.104603251,1.07166741,-39.8076,0.1095,-3.6343,0.077,0,0.529,0.027,32.698,-0.02,-0.018
2/10/2023 10:00,2/13/2023 10:30,1676262381,Deuteron,5,0.082940736,1.06797647,-31.8148,0.0865,-3.6768,0.084,0,0.609,0.027,32.698,-0.02,-0.025
,,1676262478,Deuteron,5,0.083301686,1.07135026,-32.0404,0.0869,-3.6864,0.084,0,0.606,0.027,32.698,-0.02,-0.022
,,1676262574,Deuteron,5,0.08319407,1.0702346,-32.0115,0.0868,-3.6864,0.084,0,0.607,0.027,32.698,-0.02,-0.021
,,1676262671,Deuteron,5,0.083446473,1.07741044,-32.1734,0.0871,-3.694,0.084,0,0.605,0.027,32.698,-0.02,-0.018
,,1676262767,Deuteron,5,0.082818496,1.06991421,-32.0991,0.0864,-3.7141,0.084,0,0.606,0.027,32.698,-0.02,-0.019
,,1676262864,Deuteron,5,0.083078608,1.07557311,-31.7485,0.0867,-3.6622,0.084,0,0.609,0.027,32.698,-0.02,-0.023
,,1676262960,Deuteron,5,0.083159741,1.07355556,-31.8046,0.0868,-3.6661,0.084,0,0.609,0.027,32.698,-0.02,-0.02
,,1676263056,Deuteron,5,0.083000164,1.0700745,-32.0303,0.0866,-3.6981,0.084,0,0.606,0.027,32.698,-0.02,-0.022
,,1676263153,Deuteron,5,0.083443099,1.06732458,-32.6302,0.0871,-3.7468,0.084,0,0.6,0.027,32.698,-0.02,-0.016
,,1676263249,Deuteron,5,0.083488657,1.08057002,-32.1963,0.0871,-3.6965,0.084,0,0.605,0.027,32.698,-0.02,-0.022
,,1676263346,Deuteron,5,0.083422289,1.07480052,-31.9389,0.0871,-3.6689,0.084,0,0.607,0.027,32.698,-0.02,-0.022
,,1676263442,Deuteron,5,0.083105421,1.07725823,-32.0988,0.0868,-3.6992,0.084,0,0.606,0.027,32.698,-0.02,-0.02
,,1676263539,Deuteron,5,0.083029057,1.06732458,-32.0525,0.0867,-3.6983,0.084,0,0.606,0.027,32.698,-0.02,-0.024
,,1676263635,Deuteron,5,0.083316568,1.06991421,-32.0213,0.087,-3.682,0.084,0,0.606,0.027,32.698,-0.02,-0.022
,,1676263732,Deuteron,5,0.083277189,1.08101576,-32.1836,0.0869,-3.7027,0.084,0,0.605,0.027,32.698,-0.02,-0.017
,,1676263828,Deuteron,5,0.082871209,1.08205047,-32.1917,0.0864,-3.7243,0.084,0,0.605,0.027,32.698,-0.02,-0.019
,,1676263925,Deuteron,5,0.082783342,1.06862534,-31.7389,0.0864,-3.6723,0.084,0,0.609,0.027,32.698,-0.02,-0.023
,,1676264021,Deuteron,5,0.083107929,1.0740237,-32.1084,0.0867,-3.7039,0.084,0,0.606,0.027,32.698,-0.02,-0.02
,,1676264117,Deuteron,5,0.082965346,1.07588098,-32.1379,0.0866,-3.7118,0.084,0,0.605,0.027,32.698,-0.02,-0.018
,,1676264214,Deuteron,5,0.083204498,1.07557311,-32.2272,0.0868,-3.7113,0.084,0,0.604,0.027,32.698,-0.02,-0.017
,,1676264310,Deuteron,5,0.083153425,1.07634155,-31.9447,0.0868,-3.6812,0.084,0,0.607,0.027,32.698,-0.02,-0.021
,,1676264407,Deuteron,5,0.08335075,1.07324261,-31.9625,0.0869,-3.6765,0.084,0,0.607,0.027,32.698,-0.02,-0.021
,,1676264503,Deuteron,5,0.082959348,1.07680062,-31.7095,0.0866,-3.6597,0.084,0,0.61,0.027,32.698,-0.02,-0.018
,,1676264600,Deuteron,5,0.08310429,1.07198386,-32.4417,0.0867,-3.7406,0.084,0,0.602,0.027,32.698,-0.02,-0.024
,,1676264696,Deuteron,5,0.083454881,1.06894867,-32.1764,0.0871,-3.6932,0.084,0,0.605,0.027,32.698,-0.02,-0.022
,,1676264793,Deuteron,5,0.083241464,1.07603467,-32.323,0.0869,-3.7202,0.084,0,0.603,0.027,32.698,-0.02,-0.02
2/24/2023 11:00,2/27/2023 11:50,1677471996,Deuteron,5,0.092786414,1.07572713,-33.6284,0.0966,-3.4824,0.08,0,0.59,0.027,32.696,-0.02,-0.01
,,1677472092,Deuteron,5,0.092760598,1.07511006,-33.5675,0.0965,-3.4782,0.08,0,0.591,0.027,32.696,-0.02,-0.013
,,1677472189,Deuteron,5,0.092725287,1.0710324,-33.6641,0.0965,-3.4896,0.08,0,0.59,0.027,32.696,-0.02,-0.011
,,1677472285,Deuteron,5,0.092791756,1.06501889,-33.6698,0.0966,-3.4847,0.08,0,0.59,0.027,32.696,-0.02,-0.01
,,1677472382,Deuteron,5,0.092647305,1.07214181,-33.6689,0.0965,-3.4904,0.08,0,0.59,0.027,32.696,-0.02,-0.012
,,1677472478,Deuteron,5,0.092810228,1.0724572,-33.6033,0.0967,-3.4759,0.08,0,0.59,0.027,32.696,-0.02,-0.012
,,1677472575,Deuteron,5,0.092823144,1.07071382,-33.7216,0.0966,-3.4897,0.08,0,0.589,0.027,32.696,-0.02,-0.009
,,1677472671,Deuteron,5,0.09296625,1.07339917,-33.6338,0.0967,-3.4773,0.08,0,0.59,0.027,32.696,-0.02,-0.011
,,1677472767,Deuteron,5,0.092769373,1.0741794,-33.5966,0.0966,-3.479,0.08,0,0.59,0.027,32.696,-0.02,-0.011
,,1677472864,Deuteron,5,0.09283395,1.07119142,-33.607,0.0966,-3.4792,0.08,0,0.59,0.027,32.696,-0.02,-0.011
,,1677472960,Deuteron,5,0.092949248,1.07135026,-33.3267,0.0967,-3.4453,0.08,0,0.593,0.027,32.696,-0.02,-0.012
,,1677473057,Deuteron,5,0.09274417,1.07277189,-33.8343,0.0966,-3.503,0.08,0,0.588,0.027,32.696,-0.02,-0.008
,,1677473153,Deuteron,5,0.092794692,1.0708732,-33.4988,0.0966,-3.468,0.08,0,0.591,0.027,32.696,-0.02,-0.013
,,1677473250,Deuteron,5,0.092654724,1.07480052,-33.5511,0.0965,-3.4779,0.08,0,0.591,0.027,32.696,-0.02,-0.01
,,1677473346,Deuteron,5,0.092679983,1.07308588,-33.4248,0.0964,-3.4656,0.08,0,0.592,0.027,32.696,-0.02,-0.012
,,1677473443,Deuteron,5,0.092758698,1.07261463,-33.7763,0.0965,-3.4993,0.08,0,0.589,0.027,32.696,-0.02,-0.01
,,1677473539,Deuteron,5,0.092758722,1.07355556,-33.7441,0.0966,-3.4945,0.08,0,0.589,0.027,32.696,-0.02,-0.009
,,1677473635,Deuteron,5,0.09286835,1.07355556,-33.6043,0.0967,-3.4759,0.08,0,0.59,0.027,32.696,-0.02,-0.008
3/1/2023 10:38,3/3/2023 14:00,1677793592,Deuteron,5,-0.116474914,1.0687871,48.1412,-0.1213,-3.9677,0.077,0,2.217,0.027,32.696,-0.02,0.011
,,1677793689,Deuteron,5,-0.116357802,1.07150893,48.3931,-0.1211,-3.995,0.077,0,2.228,0.027,32.696,-0.02,0.005
,,1677793785,Deuteron,5,-0.116410389,1.07135026,48.1701,-0.1212,-3.9742,0.077,0,2.218,0.027,32.696,-0.02,0.005
,,1677793881,Deuteron,5,-0.116521007,1.0710324,48.459,-0.1214,-3.9927,0.077,0,2.231,0.027,32.696,-0.02,0.008
,,1677793978,Deuteron,5,-0.116354248,1.07071382,48.5295,-0.1212,-4.0041,0.077,0,2.234,0.027,32.696,-0.02,0.007
,,1677794074,Deuteron,5,-0.116258165,1.06991421,48.3578,0.1211,-3.9927,0.076,0,2.227,0.027,32.696,-0.02,0.008
,,1677794171,Deuteron,5,-0.11646226,1.0724572,48.1035,-0.1213,-3.9664,0.077,0,2.215,0.027,32.696,-0.02,0.01
,,1677794267,Deuteron,5,-0.116491354,1.07150893,48.371,-0.1214,-3.9842,0.077,0,2.227,0.027,32.696,-0.02,0.007
,,1677794364,Deuteron,5,-0.11636256,1.07119142,48.3242,-0.1212,-3.9865,0.077,0,2.225,0.027,32.696,-0.02,0.008
,,1677794460,Deuteron,5,-0.116448801,1.0700745,48.1504,-0.1213,-3.9687,0.077,0,2.217,0.027,32.696,-0.02,0.011
,,1677794557,Deuteron,5,-0.116393331,1.07355556,48.3341,-0.1212,-3.9874,0.077,0,2.225,0.027,32.696,-0.02,0.01
,,1677794653,Deuteron,5,-0.116460672,1.0687871,48.1684,-0.1212,-3.9736,0.077,0,2.218,0.027,32.696,-0.02,0.01
,,1677794750,Deuteron,5,-0.116482036,1.0708732,48.7288,-0.1214,-4.0131,0.076,0,2.243,0.027,32.696,-0.02,0.009
,,1677794846,Deuteron,5,-0.116415507,1.06991421,48.3976,-0.1213,-3.9903,0.077,0,2.228,0.027,32.696,-0.02,0.011
,,1677794942,Deuteron,5,-0.116326575,1.07135026,49.1012,-0.1213,-4.0466,0.076,0,2.261,0.027,32.696,-0.02,0.012
3/3/2023 14:40,3/6/2023 11:00,1677944859,Deuteron,5,-0.106291051,1.07557311,41.737,-0.1111,-3.7552,0.081,0,1.958,0.027,32.696,-0.02,0.015
,,1677944955,Deuteron,5,-0.106375222,1.07634155,41.4811,-0.1112,-3.7303,0.081,0,1.949,0.027,32.696,-0.02,0.018
,,1677945052,Deuteron,5,-0.106290086,1.07710586,42.0025,-0.1111,-3.78,0.081,0,1.968,0.027,32.696,-0.02,0.01
,,1677945148,Deuteron,5,-0.106251958,1.07588098,41.7314,-0.111,-3.7579,0.081,0,1.958,0.027,32.696,-0.02,0.017
,,1677945245,Deuteron,5,-0.106349665,1.07756249,41.9391,-0.1112,-3.7726,0.081,0,1.966,0.027,32.696,-0.02,0.013
,,1677945341,Deuteron,5,-0.106409251,1.07541893,41.6813,-0.1113,-3.7454,0.081,0,1.956,0.027,32.696,-0.02,0.014
,,1677945437,Deuteron,5,-0.106299571,1.07618819,41.5591,-0.1111,-3.74,0.08,0,1.952,0.027,32.696,-0.02,0.018
,,1677945534,Deuteron,5,-0.106477664,1.07649474,42.0436,-0.1113,-3.7773,0.081,0,1.97,0.027,32.696,-0.02,0.012
,,1677945630,Deuteron,5,-0.106294784,1.07649474,41.8482,-0.1112,-3.7639,0.081,0,1.963,0.027,32.696,-0.02,0.015
,,1677945727,Deuteron,5,-0.106384218,1.07292897,41.7842,-0.1112,-3.7587,0.08,0,1.96,0.027,32.696,-0.02,0.014
,,1677945823,Deuteron,5,-0.106270253,1.07664776,41.8264,-0.1111,-3.7644,0.081,0,1.962,0.027,32.696,-0.02,0.013
,,1677945920,Deuteron,5,-0.106379651,1.07664776,41.4508,-0.1113,-3.7247,0.081,0,1.948,0.027,32.696,-0.02,0.015
,,1677946016,Deuteron,5,-0.106330653,1.07572713,41.8617,-0.1113,-3.7619,0.081,0,1.963,0.027,32.696,-0.02,0.01
,,1677946113,Deuteron,5,-0.106240271,1.07634155,41.745,-0.1111,-3.7569,0.081,0,1.959,0.027,32.696,-0.02,0.016
3/15/2023 10:30,3/17/2023 11:00,1678955622,Deuteron,5,-0.122050747,1.07588098,47.9257,-0.1272,-3.7688,0.076,0,2.207,0.027,32.677,-0.02,0.018
,,1678955719,Deuteron,5,-0.12184015,1.07695332,47.7134,-0.1272,-3.7513,0.076,0,2.198,0.027,32.678,-0.02,0.018
,,1678955815,Deuteron,5,-0.121510978,1.07649474,47.8291,-0.1269,-3.77,0.076,0,2.203,0.027,32.678,-0.02,0.018
,,1678955912,Deuteron,5,-0.122026353,1.07603467,47.6962,-0.1273,-3.7472,0.076,0,2.197,0.027,32.678,-0.02,0.018
,,1678956008,Deuteron,5,-0.12204213,1.0740237,47.6736,-0.1273,-3.7456,0.076,0,2.196,0.027,32.678,-0.02,0.02
,,1678956104,Deuteron,5,-0.121594296,1.07680062,47.5224,-0.1271,-3.7387,0.076,0,2.189,0.027,32.677,-0.02,0.023
,,1678956201,Deuteron,5,-0.121959854,1.07710586,47.9635,-0.1273,-3.7691,0.076,0,2.209,0.027,32.678,-0.02,0.017
,,1678956297,Deuteron,5,-0.121758195,1.07664776,47.643,-0.1272,-3.7467,0.076,0,2.195,0.027,32.678,-0.02,0.02
,,1678956394,Deuteron,5,-0.12155436,1.07862232,47.6281,-0.1271,-3.7475,0.076,0,2.194,0.027,32.677,-0.02,0.019
,,1678956490,Deuteron,5,-0.121893129,1.07771438,47.8543,-0.1272,-3.7636,0.076,0,2.204,0.027,32.678,-0.02,0.017
,,1678956587,Deuteron,5,-0.121741831,1.0778661,47.8235,-0.1271,-3.7631,0.076,0,2.203,0.027,32.678,-0.02,0.019
,,1678956683,Deuteron,5,-0.122150177,1.07603467,47.882,-0.1273,-3.7614,0.076,0,2.205,0.027,32.678,-0.02,0.017
3/17/2023 11:40,3/19/2023 9:30,1679155279,Deuteron,5,0.089621373,1.05942893,-34.7815,0.0934,-3.7224,0.082,0,0.578,0.027,32.677,-0.02,-0.018
,,1679155376,Deuteron,5,0.089860081,1.0700745,-35.0773,0.0937,-3.7451,0.082,0,0.575,0.027,32.677,-0.02,-0.016
,,1679155472,Deuteron,5,0.089552651,1.07214181,-34.8718,0.0933,-3.7365,0.082,0,0.578,0.027,32.677,-0.02,-0.018
,,1679155568,Deuteron,5,0.089726354,1.0628434,-34.7315,0.0935,-3.7166,0.082,0,0.579,0.027,32.677,-0.02,-0.019
,,1679155665,Deuteron,5,0.089639194,1.0653506,-34.6836,0.0934,-3.7116,0.082,0,0.579,0.027,32.677,-0.02,-0.02
,,1679155761,Deuteron,5,0.089630839,1.06401901,-34.8431,0.0934,-3.7292,0.082,0,0.578,0.027,32.677,-0.02,-0.018
,,1679155858,Deuteron,5,0.089711887,1.06650546,-35.0204,0.0935,-3.7442,0.082,0,0.576,0.027,32.677,-0.02,-0.015
,,1679155954,Deuteron,5,0.089585115,1.05450338,-35.1878,0.0934,-3.7655,0.082,0,0.574,0.027,32.677,-0.02,-0.014
,,1679156051,Deuteron,5,0.089828281,1.06911005,-35.0173,0.0936,-3.7463,0.082,0,0.576,0.027,32.677,-0.02,-0.017
,,1679156147,Deuteron,5,0.08960958,1.06666967,-35.0941,0.0935,-3.7527,0.082,0,0.575,0.027,32.677,-0.02,-0.014
,,1679156244,Deuteron,5,0.089683622,1.06699751,-34.8376,0.0935,-3.726,0.082,0,0.578,0.027,32.677,-0.02,-0.017
