#run,start_time,stop_time,species,cell,charge_avg_online,charge_avg_offline_cc,charge_avg_offline,charge_avg_offline_err,run_dose(Pe/cm2),cc_on,cc_off,cc_off_err
16066,2022-06-13 23:44:00-04:00,2022-06-14 01:59:00-04:00,p,15,0.8237,0.8669,0.8296,0.003558,0.0407796093426759,-9.1267,-9.6057,0.4677
16067,2022-06-14 02:01:00-04:00,2022-06-14 05:51:00-04:00,p,15,0.8227,0.8659,0.8283,0.003562,0.0409306266106023,-9.1267,-9.6057,0.4677
16069,2022-06-14 06:10:00-04:00,2022-06-14 08:35:00-04:00,p,15,0.8263,0.8697,0.8319,0.00372,0.0374156447737978,-9.1267,-9.6057,0.4677
16074,2022-06-14 20:17:00-04:00,2022-06-14 22:34:00-04:00,p,15,0.8365,0.8804,0.8436,0.003653,0.0382530578076374,-9.1267,-9.6057,0.4677
16075,2022-06-14 22:36:00-04:00,2022-06-15 00:50:00-04:00,p,15,0.8285,0.872,0.8351,0.003557,0.0397697556116984,-9.1267,-9.6057,0.4677
16076,2022-06-15 00:52:00-04:00,2022-06-15 02:53:00-04:00,p,15,0.8276,0.871,0.8339,0.003685,0.0383748356207176,-9.1267,-9.6057,0.4677
16077,2022-06-15 02:55:00-04:00,2022-06-15 05:17:00-04:00,p,15,0.8269,0.8703,0.833,0.003619,0.0369408549407784,-9.1267,-9.6057,0.4677
16078,2022-06-15 05:22:00-04:00,2022-06-15 07:41:00-04:00,p,15,0.8313,0.8749,0.8373,0.005776,0.0155633907878143,-9.1267,-9.6057,0.4677
16137,2022-06-20 00:02:00-04:00,2022-06-20 07:13:00-04:00,p,15,0.6343,0.6292,0.6089,0.000803,0.3229776519707977,-5.2467,-5.204,0.1361
16138,2022-06-20 07:17:00-04:00,2022-06-20 14:57:00-04:00,p,15,0.6332,0.6281,0.6044,0.000851,0.2769746337653729,-5.2467,-5.204,0.1361
16144,2022-06-20 16:02:00-04:00,2022-06-20 20:05:00-04:00,p,15,0.6306,0.6254,0.5974,0.001062,0.1757196471096532,-5.2467,-5.204,0.1361
16145,2022-06-20 20:09:00-04:00,2022-06-21 00:05:00-04:00,p,15,0.6284,0.6233,0.594,0.001109,0.1607385609615465,-5.2467,-5.204,0.1361
16146,2022-06-21 00:08:00-04:00,2022-06-21 03:08:00-04:00,p,15,0.6261,0.621,0.5911,0.002156,0.0447761583678838,-5.2467,-5.204,0.1361
16148,2022-06-21 04:03:00-04:00,2022-06-21 08:26:00-04:00,p,15,0.6284,0.6233,0.5947,0.001119,0.1620901757141028,-5.2467,-5.204,0.1361
16156,2022-06-22 21:37:00-04:00,2022-06-22 23:43:00-04:00,p,15,-0.5815,-0.5767,-0.5445,0.001846,0.051398639498459,-5.2467,-5.204,0.1361
16157,2022-06-22 00:11:00-04:00,2022-06-22 04:06:00-04:00,p,15,-0.5772,-0.5725,-0.5411,0.001473,0.0741650546162745,-5.2467,-5.204,0.1361
16158,2022-06-22 04:08:00-04:00,2022-06-22 06:01:00-04:00,p,15,-0.5768,-0.5721,-0.5403,0.0017,0.0617979130661741,-5.2467,-5.204,0.1361
16164,2022-06-22 10:27:00-04:00,2022-06-22 10:53:00-04:00,p,15,-0.5839,-0.5792,-0.5461,0.005921,0.0038893881782155,-5.2467,-5.204,0.1361
16166,2022-06-22 12:08:00-04:00,2022-06-22 13:08:00-04:00,p,15,-0.5813,-0.5766,-0.5453,0.001944,0.0417156856881317,-5.2467,-5.204,0.1361
16167,2022-06-22 13:10:00-04:00,2022-06-22 16:34:00-04:00,p,15,-0.5796,-0.5749,-0.5432,0.001191,0.1071849137404298,-5.2467,-5.204,0.1361
16168,2022-06-22 17:00:00-04:00,2022-06-22 18:01:00-04:00,p,15,-0.5826,-0.5778,-0.5457,0.003212,0.0105108508269766,-5.2467,-5.204,0.1361
16169,2022-06-22 20:22:00-04:00,2022-06-22 21:29:00-04:00,p,15,-0.5826,-0.5779,-0.5455,0.002605,0.0218935292417557,-5.2467,-5.204,0.1361
16170,2022-06-22 22:35:00-04:00,2022-06-23 02:51:00-04:00,p,15,-0.5789,-0.5742,-0.5417,0.000986,0.1742862427281697,-5.2467,-5.204,0.1361
16178,2022-06-23 04:06:00-04:00,2022-06-23 06:16:00-04:00,p,15,-0.5728,-0.5682,-0.5349,0.001259,0.1145827864442827,-5.2467,-5.204,0.1361
16211,2022-07-01 20:41:00-04:00,2022-07-02 01:15:00-04:00,p,15,0.6854,0.6838,0.6648,0.001472,0.1528755416554485,-3.6665,-3.6582,0.1108
16213,2022-07-02 01:47:00-04:00,2022-07-02 04:44:00-04:00,p,15,0.6966,0.695,0.6752,0.001834,0.0989673773594716,-3.6665,-3.6582,0.1108
16214,2022-07-02 04:48:00-04:00,2022-07-02 08:41:00-04:00,p,15,0.6976,0.696,0.6755,0.001523,0.1575531037770314,-3.6665,-3.6582,0.1108
16221,2022-07-02 12:15:00-04:00,2022-07-02 16:23:00-04:00,p,15,0.6975,0.696,0.6746,0.001512,0.1510329267542521,-3.6665,-3.6582,0.1108
16222,2022-07-02 16:28:00-04:00,2022-07-02 20:23:00-04:00,p,15,0.6926,0.6911,0.6689,0.001432,0.1767381955720628,-3.6665,-3.6582,0.1108
16223,2022-07-02 20:32:00-04:00,2022-07-03 00:32:00-04:00,p,15,0.6887,0.6872,0.664,0.001333,0.2033306259648987,-3.6665,-3.6582,0.1108
16224,2022-07-03 00:34:00-04:00,2022-07-03 01:22:00-04:00,p,15,0.6878,0.6862,0.6626,0.005007,0.0121821358989883,-3.6665,-3.6582,0.1108
16225,2022-07-03 01:58:00-04:00,2022-07-03 03:01:00-04:00,p,15,0.6885,0.687,0.6632,0.002572,0.0520377531415172,-3.6665,-3.6582,0.1108
16226,2022-07-03 03:07:00-04:00,2022-07-03 04:42:00-04:00,p,15,0.6872,0.6856,0.6615,0.002718,0.0441143810823636,-3.6665,-3.6582,0.1108
16228,2022-07-03 05:35:00-04:00,2022-07-03 08:23:00-04:00,p,15,0.6873,0.6857,0.6613,0.00207,0.08546658772324,-3.6665,-3.6582,0.1108
16231,2022-07-03 13:35:00-04:00,2022-07-03 16:59:00-04:00,p,15,-0.5166,-0.5154,-0.4938,0.001322,0.0928817058659198,-3.6665,-3.6582,0.1108
16232,2022-07-03 17:58:00-04:00,2022-07-03 22:00:00-04:00,p,15,-0.5703,-0.569,-0.5455,0.001114,0.1814942459366788,-3.6665,-3.6582,0.1108
16233,2022-07-03 22:03:00-04:00,2022-07-04 02:03:00-04:00,p,15,-0.5852,-0.5839,-0.5595,0.001121,0.1955377414298214,-3.6665,-3.6582,0.1108
16234,2022-07-04 02:07:00-04:00,2022-07-04 02:53:00-04:00,p,15,-0.5906,-0.5892,-0.5642,0.002635,0.0369917162529721,-3.6665,-3.6582,0.1108
16235,2022-07-04 03:05:00-04:00,2022-07-04 03:25:00-04:00,p,15,-0.5922,-0.5908,-0.5657,0.003977,0.0161178807271132,-3.6665,-3.6582,0.1108
16236,2022-07-04 03:31:00-04:00,2022-07-04 04:53:00-04:00,p,15,-0.5938,-0.5924,-0.5672,0.002178,0.0515282861017426,-3.6665,-3.6582,0.1108
16238,2022-07-04 05:19:00-04:00,2022-07-04 05:59:00-04:00,p,15,-0.5946,-0.5932,-0.5678,0.003305,0.0222691391798411,-3.6665,-3.6582,0.1108
16243,2022-07-04 08:17:00-04:00,2022-07-04 11:00:00-04:00,p,15,-0.5993,-0.598,-0.572,0.00143,0.1195357138554815,-3.6665,-3.6582,0.1108
16244,2022-07-04 11:06:00-04:00,2022-07-04 13:11:00-04:00,p,15,-0.6003,-0.5989,-0.5727,0.001668,0.0870892800769273,-3.6665,-3.6582,0.1108
16245,2022-07-04 15:48:00-04:00,2022-07-04 20:26:00-04:00,p,15,-0.6015,-0.6001,-0.5733,0.001103,0.2089734341110774,-3.6665,-3.6582,0.1108
16246,2022-07-04 20:58:00-04:00,2022-07-05 00:58:00-04:00,p,15,-0.6046,-0.6033,-0.5759,0.001155,0.1936788699883119,-3.6665,-3.6582,0.1108
16248,2022-07-05 01:09:00-04:00,2022-07-05 05:08:00-04:00,p,15,-0.6045,-0.6031,-0.5753,0.001193,0.178115738833295,-3.6665,-3.6582,0.1108
16249,2022-07-05 05:10:00-04:00,2022-07-05 06:30:00-04:00,p,15,-0.6058,-0.6045,-0.5764,0.002549,0.0352788143758913,-3.6665,-3.6582,0.1108
16250,2022-07-05 07:37:00-04:00,2022-07-05 08:24:00-04:00,p,15,-0.6047,-0.6033,-0.5753,0.002981,0.0262994028228015,-3.6665,-3.6582,0.1108
16251,2022-07-05 08:37:00-04:00,2022-07-05 09:35:00-04:00,p,15,-0.6053,-0.6039,-0.5756,0.002425,0.0410254513413088,-3.6665,-3.6582,0.1108
16252,2022-07-05 10:35:00-04:00,2022-07-05 12:00:00-04:00,p,15,-0.6065,-0.6051,-0.5768,0.002151,0.0523422605674657,-3.6665,-3.6582,0.1108
16253,2022-07-05 12:24:00-04:00,2022-07-05 16:22:00-04:00,p,15,-0.606,-0.6047,-0.5762,0.001313,0.1361240474974423,-3.6665,-3.6582,0.1108
16256,2022-07-05 16:44:00-04:00,2022-07-05 20:48:00-04:00,p,15,-0.6039,-0.6025,-0.5738,0.001181,0.1834922168074285,-3.6665,-3.6582,0.1108
16257,2022-07-05 20:56:00-04:00,2022-07-06 00:56:00-04:00,p,15,-0.602,-0.6006,-0.5717,0.001158,0.1893410118590861,-3.6665,-3.6582,0.1108
16259,2022-07-06 01:16:00-04:00,2022-07-06 05:16:00-04:00,p,15,-0.5981,-0.5968,-0.568,0.001207,0.1673668846615915,-3.6665,-3.6582,0.1108
16260,2022-07-06 05:22:00-04:00,2022-07-06 07:26:00-04:00,p,15,-0.5968,-0.5955,-0.5667,0.001605,0.0981046257023482,-3.6665,-3.6582,0.1108
16317,2022-07-14 23:30:00-04:00,2022-07-15 00:02:00-04:00,p,15,0.6177,0.6368,0.6119,0.008856,0.0253808167356298,-3.7019,-3.8164,0.5278
16318,2022-07-15 00:05:00-04:00,2022-07-15 02:44:00-04:00,p,15,0.6051,0.6238,0.5986,0.003995,0.1227569104067974,-3.7019,-3.8164,0.5278
16320,2022-07-15 02:55:00-04:00,2022-07-15 06:54:00-04:00,p,15,0.5963,0.6148,0.5887,0.003472,0.1569495846727832,-3.7019,-3.8164,0.5278
16321,2022-07-15 06:56:00-04:00,2022-07-15 10:29:00-04:00,p,15,0.5903,0.6085,0.5815,0.008472,0.1315647728743727,-3.7019,-3.8164,0.5278
16322,2022-07-15 10:37:00-04:00,2022-07-15 12:26:00-04:00,p,15,0.6106,0.6295,0.5987,0.008428,0.0777829732260813,-3.7019,-3.8164,0.5278
16323,2022-07-15 12:32:00-04:00,2022-07-15 14:34:00-04:00,p,15,0.6138,0.6328,0.6008,0.009782,0.0471493994931781,-3.7019,-3.8164,0.5278
16325,2022-07-15 19:14:00-04:00,2022-07-15 19:26:00-04:00,p,15,0.6162,0.6352,0.6027,0.024539,0.0103280442007933,-3.7019,-3.8164,0.5278
16326,2022-07-15 19:33:00-04:00,2022-07-15 20:28:00-04:00,p,15,0.6136,0.6325,0.6,0.015072,0.0264898605352223,-3.7019,-3.8164,0.5278
16328,2022-07-16 01:30:00-04:00,2022-07-16 05:27:00-04:00,p,15,0.6066,0.6254,0.5905,0.007312,0.1729554939139354,-3.7019,-3.8164,0.5278
16329,2022-07-16 05:30:00-04:00,2022-07-16 09:30:00-04:00,p,15,0.6039,0.6226,0.5867,0.006993,0.1980575995989019,-3.7019,-3.8164,0.5278
16330,2022-07-16 09:38:00-04:00,2022-07-16 13:38:00-04:00,p,15,0.6003,0.6189,0.5818,0.00679,0.2205860431320063,-3.7019,-3.8164,0.5278
16331,2022-07-16 13:40:00-04:00,2022-07-16 15:29:00-04:00,p,15,0.5994,0.6179,0.58,0.011086,0.0714177293504654,-3.7019,-3.8164,0.5278
16332,2022-07-16 15:48:00-04:00,2022-07-16 16:19:00-04:00,p,15,0.6013,0.6199,0.5813,0.027529,0.0109455522816649,-3.7019,-3.8164,0.5278
16333,2022-07-16 17:30:00-04:00,2022-07-16 18:33:00-04:00,p,15,0.6023,0.6209,0.5822,0.014954,0.0316400593997111,-3.7019,-3.8164,0.5278
16335,2022-07-16 23:37:00-04:00,2022-07-17 03:39:00-04:00,p,15,-0.5117,-0.5276,-0.5048,0.005735,0.1597416627320301,-3.7019,-3.8164,0.5278
16336,2022-07-17 03:32:00-04:00,2022-07-17 05:52:00-04:00,p,15,-0.5248,-0.5411,-0.5175,0.007639,0.0924151164144043,-3.7019,-3.8164,0.5278
16337,2022-07-17 05:57:00-04:00,2022-07-17 07:36:00-04:00,p,15,-0.5268,-0.5431,-0.5191,0.009432,0.0642197770902812,-3.7019,-3.8164,0.5278
16338,2022-07-17 07:46:00-04:00,2022-07-17 10:56:00-04:00,p,15,-0.532,-0.5485,-0.524,0.006651,0.1377784713628424,-3.7019,-3.8164,0.5278
16339,2022-07-17 11:08:00-04:00,2022-07-17 12:16:00-04:00,p,15,-0.5356,-0.5522,-0.5273,0.011442,0.0436853154805442,-3.7019,-3.8164,0.5278
16341,2022-07-17 12:34:00-04:00,2022-07-17 16:31:00-04:00,p,15,-0.5362,-0.5528,-0.5275,0.006018,0.1635582307775511,-3.7019,-3.8164,0.5278
16343,2022-07-17 16:56:00-04:00,2022-07-17 20:31:00-04:00,p,15,-0.5336,-0.5501,-0.5242,0.006232,0.1558887885993673,-3.7019,-3.8164,0.5278
16345,2022-07-17 20:51:00-04:00,2022-07-17 21:52:00-04:00,p,15,-0.5309,-0.5473,-0.521,0.011255,0.0477132676213019,-3.7019,-3.8164,0.5278
16346,2022-07-17 22:13:00-04:00,2022-07-18 02:10:00-04:00,p,15,-0.5352,-0.5517,-0.5249,0.005679,0.1880925278111232,-3.7019,-3.8164,0.5278
16348,2022-07-18 02:20:00-04:00,2022-07-18 06:19:00-04:00,p,15,-0.5326,-0.549,-0.5216,0.005738,0.1807021247335345,-3.7019,-3.8164,0.5278
16350,2022-07-18 06:27:00-04:00,2022-07-18 10:28:00-04:00,p,15,-0.5347,-0.5512,-0.5235,0.006606,0.1322810547543192,-3.7019,-3.8164,0.5278
16352,2022-07-18 10:38:00-04:00,2022-07-18 14:42:00-04:00,p,15,-0.536,-0.5526,-0.5243,0.005826,0.1667874313425939,-3.7019,-3.8164,0.5278
16353,2022-07-18 14:50:00-04:00,2022-07-18 18:52:00-04:00,p,15,-0.5343,-0.5508,-0.5221,0.005644,0.1879497351843935,-3.7019,-3.8164,0.5278
16354,2022-07-18 18:54:00-04:00,2022-07-18 22:49:00-04:00,p,15,-0.5328,-0.5493,-0.5202,0.005682,0.1734676961106357,-3.7019,-3.8164,0.5278
16355,2022-07-18 22:52:00-04:00,2022-07-19 02:46:00-04:00,p,15,-0.5322,-0.5487,-0.5192,0.005731,0.1742537492846051,-3.7019,-3.8164,0.5278
16356,2022-07-19 02:48:00-04:00,2022-07-19 06:40:00-04:00,p,15,-0.5323,-0.5488,-0.5187,0.00587,0.1674722782610252,-3.7019,-3.8164,0.5278
16357,2022-07-19 06:42:00-04:00,2022-07-19 09:07:00-04:00,p,15,-0.5303,-0.5467,-0.5164,0.007376,0.110160509131723,-3.7019,-3.8164,0.5278
16658,2022-08-12 06:34:00-04:00,2022-08-12 08:00:00-04:00,p,15,0.3546,0.362,0.3557,0.000668,0.0712597993511926,-3.7383,-3.8164,0.0639
16659,2022-08-12 08:08:00-04:00,2022-08-12 09:44:00-04:00,p,15,0.383,0.391,0.3838,0.000683,0.0790915165078437,-3.7383,-3.8164,0.0639
16660,2022-08-12 09:55:00-04:00,2022-08-12 11:43:00-04:00,p,15,0.4015,0.4099,0.4021,0.000806,0.0595711076053722,-3.7383,-3.8164,0.0639
16664,2022-08-12 18:58:00-04:00,2022-08-12 19:41:00-04:00,p,15,0.447,0.4563,0.4473,0.001646,0.0165738391443878,-3.7383,-3.8164,0.0639
16665,2022-08-12 22:15:00-04:00,2022-08-13 02:17:00-04:00,p,15,0.4674,0.4772,0.4672,0.000511,0.203759125329236,-3.7383,-3.8164,0.0639
16666,2022-08-13 02:21:00-04:00,2022-08-13 04:10:00-04:00,p,15,0.4813,0.4914,0.4803,0.000784,0.0931578081323943,-3.7383,-3.8164,0.0639
16671,2022-08-13 04:51:00-04:00,2022-08-13 08:50:00-04:00,p,15,0.4935,0.5038,0.492,0.00058,0.1724027238002891,-3.7383,-3.8164,0.0639
16672,2022-08-13 08:55:00-04:00,2022-08-13 12:55:00-04:00,p,15,0.5063,0.5168,0.504,0.000588,0.1651593833136385,-3.7383,-3.8164,0.0639
16673,2022-08-13 13:06:00-04:00,2022-08-13 13:34:00-04:00,p,15,0.5104,0.5211,0.5077,0.001637,0.0231068309702745,-3.7383,-3.8164,0.0639
16674,2022-08-13 13:54:00-04:00,2022-08-13 15:03:00-04:00,p,15,0.5135,0.5242,0.5107,0.001072,0.0543806629640202,-3.7383,-3.8164,0.0639
16675,2022-08-13 18:18:00-04:00,2022-08-13 21:50:00-04:00,p,15,0.5638,0.5756,0.5555,0.000671,0.161060075039151,-3.7383,-3.8164,0.0639
16676,2022-08-13 21:56:00-04:00,2022-08-14 01:34:00-04:00,p,15,0.575,0.587,0.5652,0.000757,0.1876610897039347,-3.7383,-3.8164,0.0639
16678,2022-08-14 01:42:00-04:00,2022-08-14 03:01:00-04:00,p,15,0.5755,0.5875,0.5648,0.001241,0.0687424918651508,-3.7383,-3.8164,0.0639
16679,2022-08-14 03:08:00-04:00,2022-08-14 04:37:00-04:00,p,15,0.5749,0.5869,0.5638,0.001172,0.0735143120814274,-3.7383,-3.8164,0.0639
16681,2022-08-14 05:04:00-04:00,2022-08-14 09:04:00-04:00,p,15,0.5744,0.5864,0.5625,0.000735,0.2051515698690649,-3.7383,-3.8164,0.0639
16682,2022-08-14 09:08:00-04:00,2022-08-14 13:08:00-04:00,p,15,0.5733,0.5852,0.5603,0.000735,0.1902383520995553,-3.7383,-3.8164,0.0639
16683,2022-08-14 13:17:00-04:00,2022-08-14 17:21:00-04:00,p,15,0.5712,0.5831,0.5576,0.000733,0.1901729507924248,-3.7383,-3.8164,0.0639
16685,2022-08-14 18:21:00-04:00,2022-08-14 19:15:00-04:00,p,15,0.5757,0.5877,0.5613,0.001619,0.0367678509977737,-3.7383,-3.8164,0.0639
16687,2022-08-14 21:32:00-04:00,2022-08-14 21:36:00-04:00,p,15,0.5708,0.5828,0.5558,0.005386,0.0036287465064407,-3.7383,-3.8164,0.0639
16688,2022-08-14 21:40:00-04:00,2022-08-15 01:38:00-04:00,p,15,0.5711,0.5831,0.5552,0.000713,0.2046213516365833,-3.7383,-3.8164,0.0639
16689,2022-08-15 01:41:00-04:00,2022-08-15 02:53:00-04:00,p,15,0.5698,0.5817,0.5533,0.001282,0.0640092076257865,-3.7383,-3.8164,0.0639
16690,2022-08-15 02:59:00-04:00,2022-08-15 03:28:00-04:00,p,15,0.5702,0.5821,0.5533,0.002004,0.02574274547507,-3.7383,-3.8164,0.0639
16692,2022-08-15 03:37:00-04:00,2022-08-15 07:22:00-04:00,p,15,0.5696,0.5815,0.5524,0.000792,0.1543326108780316,-3.7383,-3.8164,0.0639
16693,2022-08-15 07:45:00-04:00,2022-08-15 11:39:00-04:00,p,15,0.5687,0.5805,0.5511,0.00073,0.1909883168295355,-3.7383,-3.8164,0.0639
16695,2022-08-15 12:48:00-04:00,2022-08-15 12:54:00-04:00,p,15,0.5697,0.5816,0.5519,0.004129,0.0062893798658147,-3.7383,-3.8164,0.0639
16709,2022-08-17 20:28:00-04:00,2022-08-17 22:22:00-04:00,p,15,0.5815,0.5975,0.5751,0.00098,0.0597587048552032,-3.6738,-3.7748,0.0481
16710,2022-08-17 22:28:00-04:00,2022-08-18 00:07:00-04:00,p,15,0.5779,0.5938,0.571,0.001019,0.0543671220258721,-3.6738,-3.7748,0.0481
16711,2022-08-18 01:22:00-04:00,2022-08-18 05:21:00-04:00,p,15,0.5724,0.5882,0.5648,0.000551,0.2008362491186228,-3.6738,-3.7748,0.0481
16712,2022-08-18 05:23:00-04:00,2022-08-18 09:55:00-04:00,p,15,0.5651,0.5807,0.5565,0.000517,0.2070437951879337,-3.6738,-3.7748,0.0481
16713,2022-08-18 09:57:00-04:00,2022-08-18 14:08:00-04:00,p,15,0.5691,0.5848,0.5589,0.000525,0.2107320921123525,-3.6738,-3.7748,0.0481
16715,2022-08-18 15:11:00-04:00,2022-08-18 17:54:00-04:00,p,15,0.5705,0.5861,0.5593,0.000709,0.1113726775172673,-3.6738,-3.7748,0.0481
16716,2022-08-18 18:03:00-04:00,2022-08-18 20:13:00-04:00,p,15,0.5684,0.5841,0.5568,0.000776,0.0941685294954493,-3.6738,-3.7748,0.0481
16717,2022-08-18 21:44:00-04:00,2022-08-19 00:55:00-04:00,p,15,0.5693,0.585,0.557,0.000621,0.1486777762998437,-3.6738,-3.7748,0.0481
16718,2022-08-19 01:10:00-04:00,2022-08-19 02:43:00-04:00,p,15,0.5686,0.5842,0.5561,0.001138,0.0443887581314671,-3.6738,-3.7748,0.0481
16719,2022-08-19 02:48:00-04:00,2022-08-19 06:49:00-04:00,p,15,0.568,0.5836,0.555,0.00056,0.1786003117249997,-3.6738,-3.7748,0.0481
16720,2022-08-19 06:53:00-04:00,2022-08-19 08:59:00-04:00,p,15,0.5656,0.5812,0.5522,0.000741,0.1050390254973526,-3.6738,-3.7748,0.0481
16721,2022-08-19 09:16:00-04:00,2022-08-19 09:29:00-04:00,p,15,-0.2661,-0.2734,-0.2577,0.001069,0.0110029074046047,-3.6738,-3.7748,0.0481
16722,2022-08-19 09:36:00-04:00,2022-08-19 10:10:00-04:00,p,15,-0.3898,-0.4005,-0.3806,0.001027,0.0245915730621611,-3.6738,-3.7748,0.0481
16723,2022-08-19 11:23:00-04:00,2022-08-19 14:25:00-04:00,p,15,-0.4951,-0.5088,-0.485,0.00054,0.1498005474550683,-3.6738,-3.7748,0.0481
16726,2022-08-19 14:53:00-04:00,2022-08-19 19:00:00-04:00,p,15,-0.5045,-0.5183,-0.4936,0.000468,0.2120642999473646,-3.6738,-3.7748,0.0481
16727,2022-08-19 19:06:00-04:00,2022-08-19 22:38:00-04:00,p,15,-0.509,-0.523,-0.4978,0.000526,0.1668727865232454,-3.6738,-3.7748,0.0481
16728,2022-08-19 22:45:00-04:00,2022-08-20 02:47:00-04:00,p,15,-0.5116,-0.5257,-0.4998,0.000485,0.1859236573613308,-3.6738,-3.7748,0.0481
16729,2022-08-20 02:53:00-04:00,2022-08-20 03:47:00-04:00,p,15,-0.5124,-0.5265,-0.5003,0.001001,0.0457906473766328,-3.6738,-3.7748,0.0481
16730,2022-08-20 03:43:00-04:00,2022-08-20 06:03:00-04:00,p,15,-0.5127,-0.5268,-0.5004,0.000644,0.1158466860063563,-3.6738,-3.7748,0.0481
16731,2022-08-20 06:13:00-04:00,2022-08-20 07:53:00-04:00,p,15,-0.513,-0.5271,-0.5005,0.00078,0.0796184661275988,-3.6738,-3.7748,0.0481
16732,2022-08-20 08:24:00-04:00,2022-08-20 10:41:00-04:00,p,15,-0.513,-0.5272,-0.5002,0.000667,0.1084173200732097,-3.6738,-3.7748,0.0481
16733,2022-08-20 11:12:00-04:00,2022-08-20 11:41:00-04:00,p,15,-0.5119,-0.526,-0.4984,0.001396,0.0237197648766805,-3.6738,-3.7748,0.0481
16734,2022-08-20 11:55:00-04:00,2022-08-20 12:03:00-04:00,p,15,-0.5084,-0.5223,-0.4951,0.002664,0.0056605839689171,-3.6738,-3.7748,0.0481
16736,2022-08-20 14:34:00-04:00,2022-08-20 18:21:00-04:00,p,15,-0.5121,-0.5262,-0.4983,0.000626,0.1692154965083625,-3.6738,-3.7748,0.0481
16738,2022-08-20 18:27:00-04:00,2022-08-20 21:02:00-04:00,p,15,-0.5142,-0.5284,-0.5002,0.000629,0.1131316817306075,-3.6738,-3.7748,0.0481
16742,2022-08-20 23:30:00-04:00,2022-08-21 00:20:00-04:00,p,15,-0.458,-0.4706,-0.4501,0.000951,0.0417950087150715,-3.6738,-3.7748,0.0481
16743,2022-08-21 00:29:00-04:00,2022-08-21 04:18:00-04:00,p,15,-0.511,-0.525,-0.5025,0.000517,0.1681032532092888,-3.6738,-3.7748,0.0481
16744,2022-08-21 04:27:00-04:00,2022-08-21 08:39:00-04:00,p,15,-0.5116,-0.5256,-0.5026,0.000479,0.2083516954722882,-3.6738,-3.7748,0.0481
16746,2022-08-21 08:45:00-04:00,2022-08-21 12:47:00-04:00,p,15,-0.5051,-0.5189,-0.4956,0.000486,0.1954221329018962,-3.6738,-3.7748,0.0481
16747,2022-08-21 12:53:00-04:00,2022-08-21 16:51:00-04:00,p,15,-0.5045,-0.5183,-0.4944,0.000479,0.1980827513376549,-3.6738,-3.7748,0.0481
16748,2022-08-21 16:52:00-04:00,2022-08-21 20:49:00-04:00,p,15,-0.5079,-0.5219,-0.4964,0.000489,0.1820131539600085,-3.6738,-3.7748,0.0481
16749,2022-08-21 20:54:00-04:00,2022-08-21 21:49:00-04:00,p,15,-0.5087,-0.5226,-0.4967,0.001278,0.0273336449003467,-3.6738,-3.7748,0.0481
16750,2022-08-21 22:18:00-04:00,2022-08-22 02:18:00-04:00,p,15,-0.5073,-0.5213,-0.4948,0.000484,0.1980832285904958,-3.6738,-3.7748,0.0481
16751,2022-08-22 02:23:00-04:00,2022-08-22 03:08:00-04:00,p,15,-0.5121,-0.5262,-0.499,0.001109,0.038542998323031,-3.6738,-3.7748,0.0481
16752,2022-08-22 03:18:00-04:00,2022-08-22 04:47:00-04:00,p,15,-0.5118,-0.5259,-0.4986,0.000862,0.0643468099307835,-3.6738,-3.7748,0.0481
16753,2022-08-22 16:50:00-04:00,2022-08-22 17:54:00-04:00,p,15,-0.5241,-0.5385,-0.5147,0.000958,0.0533282734012515,-3.6738,-3.7748,0.0481
16754,2022-08-22 18:03:00-04:00,2022-08-22 22:05:00-04:00,p,15,-0.5186,-0.5329,-0.5092,0.000499,0.1999135588174855,-3.6738,-3.7748,0.0481
16755,2022-08-22 22:10:00-04:00,2022-08-23 02:23:00-04:00,p,15,-0.5065,-0.5204,-0.4967,0.000482,0.1992793386072303,-3.6738,-3.7748,0.0481
16756,2022-08-23 02:28:00-04:00,2022-08-23 03:23:00-04:00,p,15,-0.4999,-0.5136,-0.4899,0.001111,0.0366509981752061,-3.6738,-3.7748,0.0481
16757,2022-08-23 04:58:00-04:00,2022-08-23 09:09:00-04:00,p,15,-0.5022,-0.516,-0.4919,0.000488,0.189317786621639,-3.6738,-3.7748,0.0481
16758,2022-08-23 09:12:00-04:00,2022-08-23 12:37:00-04:00,p,15,-0.4999,-0.5137,-0.4892,0.000537,0.1560368985471464,-3.6738,-3.7748,0.0481
16759,2022-08-23 13:02:00-04:00,2022-08-23 17:07:00-04:00,p,15,-0.5022,-0.516,-0.4898,0.000466,0.2125214015954717,-3.6738,-3.7748,0.0481
16761,2022-08-23 17:21:00-04:00,2022-08-23 21:20:00-04:00,p,15,-0.5072,-0.5212,-0.494,0.000529,0.1619369440455859,-3.6738,-3.7748,0.0481
16762,2022-08-23 21:22:00-04:00,2022-08-24 01:14:00-04:00,p,15,-0.5091,-0.5231,-0.4954,0.000487,0.18874505428195,-3.6738,-3.7748,0.0481
16763,2022-08-24 01:19:00-04:00,2022-08-24 03:53:00-04:00,p,15,-0.5096,-0.5237,-0.4955,0.00065,0.1022453104006114,-3.6738,-3.7748,0.0481
16765,2022-08-24 05:39:00-04:00,2022-08-24 09:03:00-04:00,p,15,-0.5138,-0.528,-0.4994,0.00055,0.1552719826249345,-3.6738,-3.7748,0.0481
16766,2022-08-24 09:08:00-04:00,2022-08-24 10:36:00-04:00,p,15,-0.5137,-0.5278,-0.499,0.000843,0.0653365303902473,-3.6738,-3.7748,0.0481
16767,2022-08-24 16:04:00-04:00,2022-08-24 20:04:00-04:00,p,15,0.5899,0.6062,0.579,0.000576,0.1846735807272464,-3.6738,-3.7748,0.0481
16769,2022-08-25 00:15:00-04:00,2022-08-25 02:04:00-04:00,p,15,0.5829,0.5989,0.5695,0.000813,0.0912274541422539,-3.6738,-3.7748,0.0481
16770,2022-08-25 02:38:00-04:00,2022-08-25 06:38:00-04:00,p,15,0.5792,0.5952,0.565,0.000592,0.1701684299725512,-3.6738,-3.7748,0.0481
16771,2022-08-25 06:43:00-04:00,2022-08-25 11:01:00-04:00,p,15,0.5741,0.5898,0.5588,0.000527,0.2121967075220633,-3.6738,-3.7748,0.0481
16772,2022-08-25 11:04:00-04:00,2022-08-25 14:20:00-04:00,p,15,0.5703,0.5859,0.5539,0.00059,0.1680426199080757,-3.6738,-3.7748,0.0481
16982,2022-09-14 23:40:00-04:00,2022-09-15 01:53:00-04:00,p,20,0.7035,0.7025,0.6973,0.000694,0.0871953063111005,-1.6261,-1.624,0.0157
16983,2022-09-15 01:55:00-04:00,2022-09-15 05:56:00-04:00,p,20,0.7054,0.7045,0.699,0.000528,0.2083068198032006,-1.6261,-1.624,0.0157
16984,2022-09-15 06:03:00-04:00,2022-09-15 10:05:00-04:00,p,20,0.6986,0.6977,0.6921,0.000519,0.2073399165515328,-1.6261,-1.624,0.0157
16986,2022-09-15 10:12:00-04:00,2022-09-15 12:09:00-04:00,p,20,0.6929,0.692,0.6863,0.00075,0.1101391846699198,-1.6261,-1.624,0.0157
16987,2022-09-15 12:16:00-04:00,2022-09-15 15:43:00-04:00,p,20,0.6868,0.6859,0.68,0.000577,0.1764866250312808,-1.6261,-1.624,0.0157
16988,2022-09-15 15:52:00-04:00,2022-09-15 17:03:00-04:00,p,20,0.6816,0.6807,0.6748,0.001051,0.0530954781027902,-1.6261,-1.624,0.0157
16989,2022-09-15 17:13:00-04:00,2022-09-15 20:51:00-04:00,p,20,0.6769,0.676,0.67,0.000511,0.2283318912820391,-1.6261,-1.624,0.0157
16990,2022-09-15 20:56:00-04:00,2022-09-16 00:44:00-04:00,p,20,0.6649,0.6641,0.6579,0.000497,0.2307538579418555,-1.6261,-1.624,0.0157
16991,2022-09-16 00:58:00-04:00,2022-09-16 05:47:00-04:00,p,20,0.6614,0.6606,0.6543,0.000487,0.2363512749558823,-1.6261,-1.624,0.0157
16992,2022-09-16 05:50:00-04:00,2022-09-16 09:52:00-04:00,p,20,0.6553,0.6544,0.648,0.00049,0.2309247641002503,-1.6261,-1.624,0.0157
16993,2022-09-16 09:57:00-04:00,2022-09-16 12:51:00-04:00,p,20,0.6476,0.6467,0.6403,0.000563,0.1743486952719325,-1.6261,-1.624,0.0157
16995,2022-09-16 20:40:00-04:00,2022-09-16 21:25:00-04:00,p,20,0.7643,0.7633,0.7522,0.000725,0.0354527730320843,-1.6261,-1.624,0.0157
16996,2022-09-16 22:44:00-04:00,2022-09-17 00:48:00-04:00,p,20,-0.7287,-0.7277,-0.7146,0.000723,0.1298935593689151,-1.6261,-1.624,0.0157
17000,2022-09-17 01:19:00-04:00,2022-09-17 02:54:00-04:00,p,20,-0.7079,-0.707,-0.694,0.000799,0.1018296888008506,-1.6261,-1.624,0.0157
17001,2022-09-17 03:01:00-04:00,2022-09-17 07:19:00-04:00,p,20,-0.686,-0.6851,-0.6722,0.000516,0.222940688311837,-1.6261,-1.624,0.0157
17002,2022-09-17 07:22:00-04:00,2022-09-17 11:22:00-04:00,p,20,-0.6735,-0.6726,-0.6596,0.000524,0.202079226698906,-1.6261,-1.624,0.0157
17003,2022-09-17 11:25:00-04:00,2022-09-17 12:02:00-04:00,p,20,-0.6902,-0.6893,-0.6755,0.001305,0.0339791989007992,-1.6261,-1.624,0.0157
17008,2022-09-17 23:36:00-04:00,2022-09-18 00:26:00-04:00,p,20,-0.6791,-0.6782,-0.6645,0.001145,0.0433536417116556,-1.6261,-1.624,0.0157
17010,2022-09-18 00:42:00-04:00,2022-09-18 04:39:00-04:00,p,20,-0.6726,-0.6717,-0.6578,0.000501,0.2234802106749656,-1.6261,-1.624,0.0157
17011,2022-09-18 04:45:00-04:00,2022-09-18 05:06:00-04:00,p,20,-0.6641,-0.6632,-0.6493,0.001567,0.0236446812417423,-1.6261,-1.624,0.0157
17014,2022-09-18 11:09:00-04:00,2022-09-18 14:05:00-04:00,p,20,-0.6566,-0.6558,-0.6419,0.000659,0.1137900336910199,-1.6261,-1.624,0.0157
17015,2022-09-18 14:10:00-04:00,2022-09-18 16:40:00-04:00,p,20,-0.6492,-0.6483,-0.6343,0.000692,0.1082127985945047,-1.6261,-1.624,0.0157
17016,2022-09-18 16:52:00-04:00,2022-09-18 20:57:00-04:00,p,20,-0.6437,-0.6429,-0.6288,0.000515,0.1873946293415257,-1.6261,-1.624,0.0157
17019,2022-09-18 21:39:00-04:00,2022-09-19 02:14:00-04:00,p,20,-0.6501,-0.6493,-0.6348,0.000466,0.2239220460722943,-1.6261,-1.624,0.0157
17020,2022-09-19 02:17:00-04:00,2022-09-19 06:11:00-04:00,p,20,-0.6489,-0.648,-0.6332,0.000492,0.2037280263599565,-1.6261,-1.624,0.0157
17021,2022-09-19 06:39:00-04:00,2022-09-19 08:31:00-04:00,p,20,-0.6471,-0.6463,-0.6313,0.001027,0.0411837170214977,-1.6261,-1.624,0.0157
17022,2022-09-19 09:50:00-04:00,2022-09-19 10:37:00-04:00,p,20,-0.6503,-0.6494,-0.6344,0.001082,0.0415493691067872,-1.6261,-1.624,0.0157
17025,2022-09-19 10:52:00-04:00,2022-09-19 14:13:00-04:00,p,20,-0.6463,-0.6455,-0.6305,0.000524,0.1764250514460139,-1.6261,-1.624,0.0157
17026,2022-09-19 14:26:00-04:00,2022-09-19 22:05:00-04:00,p,20,-0.644,-0.6431,-0.6279,0.001342,0.0248357187611642,-1.6261,-1.624,0.0157
17027,2022-09-20 02:01:00-04:00,2022-09-20 06:06:00-04:00,p,20,-0.6504,-0.6495,-0.6343,0.000645,0.1199718756796739,-1.6261,-1.624,0.0157
17028,2022-09-20 06:23:00-04:00,2022-09-20 07:05:00-04:00,p,20,-0.6473,-0.6465,-0.6311,0.001377,0.0255559406772384,-1.6261,-1.624,0.0157
17032,2022-09-20 07:45:00-04:00,2022-09-20 08:05:00-04:00,p,20,-0.6461,-0.6452,-0.63,0.001828,0.0126063913600485,-1.6261,-1.624,0.0157
17067,2022-09-25 04:53:00-04:00,2022-09-25 06:24:00-04:00,p,20,0.7918,0.8479,0.8198,0.002114,0.0681836887548235,-1.6261,-1.7413,0.0328
17069,2022-09-25 07:20:00-04:00,2022-09-25 09:22:00-04:00,p,20,0.7836,0.8391,0.811,0.002165,0.058741182900714,-1.6261,-1.7413,0.0328
17070,2022-09-25 10:50:00-04:00,2022-09-25 11:55:00-04:00,p,20,0.7819,0.8373,0.809,0.003614,0.0186316799939684,-1.6261,-1.7413,0.0328
17071,2022-09-25 12:03:00-04:00,2022-09-25 14:22:00-04:00,p,20,0.7785,0.8336,0.8048,0.002015,0.0676956727010871,-1.6261,-1.7413,0.0328
17073,2022-09-25 16:44:00-04:00,2022-09-25 19:58:00-04:00,p,20,0.7701,0.8247,0.7953,0.001392,0.146598382621963,-1.6261,-1.7413,0.0328
17074,2022-09-25 20:25:00-04:00,2022-09-25 21:10:00-04:00,p,20,0.7592,0.813,0.7833,0.002596,0.0426498181741471,-1.6261,-1.7413,0.0328
17075,2022-09-25 21:25:00-04:00,2022-09-25 22:14:00-04:00,p,20,0.7567,0.8103,0.7804,0.003009,0.0303876564412394,-1.6261,-1.7413,0.0328
17076,2022-09-25 23:01:00-04:00,2022-09-26 03:02:00-04:00,p,20,0.7491,0.8022,0.7719,0.001173,0.2028157761403709,-1.6261,-1.7413,0.0328
17077,2022-09-26 03:05:00-04:00,2022-09-26 04:11:00-04:00,p,20,0.7408,0.7933,0.7627,0.003099,0.0268882830931635,-1.6261,-1.7413,0.0328
17078,2022-09-26 05:37:00-04:00,2022-09-26 06:33:00-04:00,p,20,0.7434,0.7961,0.7648,0.006412,0.007261417519592,-1.6261,-1.7413,0.0328
17079,2022-09-27 03:41:00-04:00,2022-09-27 04:04:00-04:00,p,20,0.7467,0.7996,0.7688,0.003667,0.0147506364268786,-1.6261,-1.7413,0.0328
17084,2022-09-27 05:04:00-04:00,2022-09-27 06:55:00-04:00,p,20,0.7401,0.7925,0.7615,0.0017,0.0741634614775867,-1.6261,-1.7413,0.0328
17085,2022-09-27 07:10:00-04:00,2022-09-27 09:26:00-04:00,p,20,0.7343,0.7863,0.755,0.001525,0.0841672075285159,-1.6261,-1.7413,0.0328
17086,2022-09-27 09:32:00-04:00,2022-09-27 10:28:00-04:00,p,20,0.7313,0.7831,0.7515,0.004287,0.0129077794409522,-1.6261,-1.7413,0.0328
17087,2022-09-27 11:31:00-04:00,2022-09-27 12:29:00-04:00,p,20,0.7324,0.7843,0.7526,0.00341,0.0216728204458825,-1.6261,-1.7413,0.0328
17088,2022-09-27 12:38:00-04:00,2022-09-27 16:39:00-04:00,p,20,0.7277,0.7792,0.7472,0.001152,0.1476743725206725,-1.6261,-1.7413,0.0328
17092,2022-09-28 03:16:00-04:00,2022-09-28 07:29:00-04:00,p,20,0.7244,0.7757,0.7432,0.001072,0.1738409933636546,-1.6261,-1.7413,0.0328
17093,2022-09-28 07:34:00-04:00,2022-09-28 09:24:00-04:00,p,20,0.7193,0.7703,0.7374,0.001687,0.0678854596628333,-1.6261,-1.7413,0.0328
17095,2022-09-28 10:44:00-04:00,2022-09-28 12:55:00-04:00,p,20,-0.6632,-0.7102,-0.6795,0.001376,0.0862109761577397,-1.6261,-1.7413,0.0328
17096,2022-09-28 13:03:00-04:00,2022-09-28 17:00:00-04:00,p,20,-0.6671,-0.7144,-0.683,0.001014,0.1593701305764772,-1.6261,-1.7413,0.0328
17097,2022-09-28 17:06:00-04:00,2022-09-28 20:02:00-04:00,p,20,-0.6666,-0.7138,-0.6819,0.001275,0.0986476516282317,-1.6261,-1.7413,0.0328
17098,2022-09-28 20:05:00-04:00,2022-09-28 22:17:00-04:00,p,20,-0.664,-0.711,-0.6789,0.001325,0.0894723100095626,-1.6261,-1.7413,0.0328
17100,2022-09-29 00:18:00-04:00,2022-09-29 04:18:00-04:00,p,20,-0.6628,-0.7097,-0.6772,0.000971,0.1735561242656123,-1.6261,-1.7413,0.0328
17101,2022-09-29 04:20:00-04:00,2022-09-29 04:41:00-04:00,p,20,-0.6592,-0.7059,-0.6732,0.003189,0.016914880246584,-1.6261,-1.7413,0.0328
17102,2022-09-29 04:56:00-04:00,2022-09-29 06:35:00-04:00,p,20,-0.6574,-0.704,-0.6712,0.001517,0.0740425492520565,-1.6261,-1.7413,0.0328
17144,2022-10-09 06:52:00-04:00,2022-10-09 07:38:00-04:00,p,20,0.783,0.8549,0.8279,0.002714,0.0461567308481943,-1.5948,-1.7413,0.0328
17145,2022-10-09 07:48:00-04:00,2022-10-09 11:48:00-04:00,p,20,0.7629,0.833,0.8054,0.001256,0.2036261979033859,-1.5948,-1.7413,0.0328
17146,2022-10-09 11:55:00-04:00,2022-10-09 15:33:00-04:00,p,20,0.7403,0.8083,0.7798,0.001105,0.1749078304656687,-1.5948,-1.7413,0.0328
17147,2022-10-09 15:36:00-04:00,2022-10-09 17:08:00-04:00,p,20,0.7304,0.7975,0.7682,0.001894,0.0548223280501138,-1.5948,-1.7413,0.0328
17149,2022-10-09 18:25:00-04:00,2022-10-09 19:33:00-04:00,p,20,0.7291,0.7961,0.7666,0.002671,0.0415896088725408,-1.5948,-1.7413,0.0328
17150,2022-10-10 01:39:00-04:00,2022-10-10 05:52:00-04:00,p,20,0.721,0.7873,0.7572,0.001097,0.2317140102680806,-1.5948,-1.7413,0.0328
17151,2022-10-10 05:55:00-04:00,2022-10-10 09:19:00-04:00,p,20,0.7089,0.7741,0.7431,0.001244,0.1681146320995755,-1.5948,-1.7413,0.0328
17153,2022-10-10 12:11:00-04:00,2022-10-10 15:28:00-04:00,p,20,0.693,0.7567,0.7256,0.001268,0.0997093545671055,-1.5948,-1.7413,0.0328
17155,2022-10-10 15:39:00-04:00,2022-10-10 19:39:00-04:00,p,20,0.6849,0.7478,0.7159,0.001011,0.1947042190306936,-1.5948,-1.7413,0.0328
17156,2022-10-10 19:42:00-04:00,2022-10-10 23:46:00-04:00,p,20,0.6753,0.7374,0.7046,0.001027,0.2006772051079783,-1.5948,-1.7413,0.0328
17157,2022-10-10 23:49:00-04:00,2022-10-11 02:40:00-04:00,p,20,0.6713,0.7329,0.6995,0.001244,0.1379689024004413,-1.5948,-1.7413,0.0328
17158,2022-10-11 02:48:00-04:00,2022-10-11 05:31:00-04:00,p,20,0.6669,0.7282,0.6941,0.001195,0.1550632580029353,-1.5948,-1.7413,0.0328
17159,2022-10-11 05:46:00-04:00,2022-10-11 05:50:00-04:00,p,20,0.6656,0.7268,0.6924,0.007854,0.0031712833700803,-1.5948,-1.7413,0.0328
17160,2022-10-11 05:53:00-04:00,2022-10-11 06:10:00-04:00,p,20,0.6649,0.726,0.6914,0.003635,0.0161451894312114,-1.5948,-1.7413,0.0328
17161,2022-10-11 06:22:00-04:00,2022-10-11 08:55:00-04:00,p,20,0.6636,0.7246,0.6898,0.001304,0.1246848866817448,-1.5948,-1.7413,0.0328
17162,2022-10-11 11:50:00-04:00,2022-10-11 13:36:00-04:00,p,20,-0.72,-0.7862,-0.755,0.001647,0.0996140596228401,-1.5948,-1.7413,0.0328
17163,2022-10-11 14:30:00-04:00,2022-10-11 15:02:00-04:00,p,20,-0.7329,-0.8003,-0.7681,0.004833,0.0117374998338209,-1.5948,-1.7413,0.0328
17164,2022-10-11 15:37:00-04:00,2022-10-11 19:34:00-04:00,p,20,-0.7158,-0.7815,-0.7495,0.001144,0.1865864905502408,-1.5948,-1.7413,0.0328
17165,2022-10-11 19:37:00-04:00,2022-10-11 22:06:00-04:00,p,20,-0.6888,-0.7521,-0.7203,0.001343,0.1358126879954911,-1.5948,-1.7413,0.0328
17166,2022-10-11 22:11:00-04:00,2022-10-11 23:15:00-04:00,p,20,-0.6744,-0.7364,-0.7047,0.001966,0.0613909770078803,-1.5948,-1.7413,0.0328
17167,2022-10-11 23:24:00-04:00,2022-10-12 03:24:00-04:00,p,20,-0.6593,-0.7198,-0.6882,0.001009,0.2189200301696285,-1.5948,-1.7413,0.0328
17168,2022-10-12 03:26:00-04:00,2022-10-12 07:27:00-04:00,p,20,-0.6402,-0.699,-0.6673,0.000965,0.2274525012751092,-1.5948,-1.7413,0.0328
17169,2022-10-12 07:29:00-04:00,2022-10-12 11:00:00-04:00,p,20,-0.6298,-0.6877,-0.6557,0.00112,0.1610719887684411,-1.5948,-1.7413,0.0328
17185,2022-10-14 23:49:00-04:00,2022-10-15 00:22:00-04:00,p,20,0.6206,0.6876,0.6707,0.001712,0.0151336698048658,-1.5948,-1.767,0.0301
17187,2022-10-15 00:58:00-04:00,2022-10-15 01:18:00-04:00,p,20,0.6281,0.6959,0.6792,0.003313,0.006486290439151,-1.5948,-1.767,0.0301
17188,2022-10-15 01:24:00-04:00,2022-10-15 02:15:00-04:00,p,20,0.6307,0.6989,0.6813,0.002151,0.0189532921550444,-1.5948,-1.767,0.0301
17189,2022-10-15 02:21:00-04:00,2022-10-15 03:53:00-04:00,p,20,0.6349,0.7034,0.6857,0.001474,0.04316975648572,-1.5948,-1.767,0.0301
17190,2022-10-15 04:29:00-04:00,2022-10-15 04:47:00-04:00,p,20,0.6415,0.7108,0.6927,0.002569,0.0133649382356485,-1.5948,-1.767,0.0301
17191,2022-10-15 04:58:00-04:00,2022-10-15 08:54:00-04:00,p,20,0.6401,0.7093,0.6904,0.000645,0.2290084177344479,-1.5948,-1.767,0.0301
17192,2022-10-15 09:04:00-04:00,2022-10-15 10:55:00-04:00,p,20,0.6408,0.71,0.6904,0.000953,0.1061663227549685,-1.5948,-1.767,0.0301
17195,2022-10-15 11:33:00-04:00,2022-10-15 15:28:00-04:00,p,20,0.64,0.7091,0.6886,0.000645,0.2299557780467903,-1.5948,-1.767,0.0301
17197,2022-10-15 15:41:00-04:00,2022-10-15 17:30:00-04:00,p,20,0.6398,0.7089,0.6876,0.001096,0.0760807936390315,-1.5948,-1.767,0.0301
17199,2022-10-15 17:41:00-04:00,2022-10-15 19:11:00-04:00,p,20,0.6386,0.7075,0.6861,0.001125,0.0741076923952413,-1.5948,-1.767,0.0301
17203,2022-10-16 03:44:00-04:00,2022-10-16 06:51:00-04:00,p,20,0.6456,0.7154,0.6936,0.00086,0.1199495279682588,-1.5948,-1.767,0.0301
17204,2022-10-16 06:56:00-04:00,2022-10-16 09:50:00-04:00,p,20,0.6434,0.7129,0.6908,0.000971,0.0956894282537413,-1.5948,-1.767,0.0301
17206,2022-10-16 14:09:00-04:00,2022-10-16 16:34:00-04:00,p,20,0.6436,0.7132,0.6907,0.000832,0.1390957945962316,-1.5948,-1.767,0.0301
17207,2022-10-16 18:35:00-04:00,2022-10-16 21:05:00-04:00,p,20,0.6421,0.7114,0.6885,0.000865,0.1249376312472275,-1.5948,-1.767,0.0301
17211,2022-10-16 21:40:00-04:00,2022-10-16 22:05:00-04:00,p,20,0.6381,0.707,0.6839,0.001914,0.0260629008260193,-1.5948,-1.767,0.0301
17212,2022-10-16 22:10:00-04:00,2022-10-17 02:12:00-04:00,p,20,0.6372,0.706,0.6826,0.000656,0.2152352131607855,-1.5948,-1.767,0.0301
17214,2022-10-17 02:24:00-04:00,2022-10-17 04:32:00-04:00,p,20,0.6348,0.7033,0.6794,0.000918,0.1121862109304315,-1.5948,-1.767,0.0301
17215,2022-10-17 17:53:00-04:00,2022-10-17 18:39:00-04:00,p,20,-0.727,-0.8055,-0.7825,0.002435,0.0360521756176781,-1.5948,-1.767,0.0301
17216,2022-10-17 18:45:00-04:00,2022-10-17 19:17:00-04:00,p,20,-0.7112,-0.788,-0.7654,0.002762,0.0282512908625757,-1.5948,-1.767,0.0301
17221,2022-10-17 19:52:00-04:00,2022-10-17 21:54:00-04:00,p,20,-0.6488,-0.7189,-0.6977,0.001491,0.0867684546026676,-1.5948,-1.767,0.0301
17222,2022-10-18 00:56:00-04:00,2022-10-18 03:54:00-04:00,p,20,-0.6728,-0.7454,-0.723,0.001249,0.1277103758310002,-1.5948,-1.767,0.0301
17223,2022-10-18 21:40:00-04:00,2022-10-18 23:23:00-04:00,p,20,-0.7406,-0.7557,-0.7325,0.001677,0.03621121347525,-1.7317,-1.767,0.0301
17224,2022-10-19 02:00:00-04:00,2022-10-19 05:59:00-04:00,p,20,-0.7278,-0.7427,-0.7193,0.000978,0.19957650136871,-1.7317,-1.767,0.0301
17225,2022-10-19 06:02:00-04:00,2022-10-19 07:29:00-04:00,p,20,-0.7188,-0.7335,-0.7099,0.001789,0.0548359704992832,-1.7317,-1.767,0.0301
17353,2022-11-03 10:14:00-04:00,2022-11-03 13:32:00-04:00,p,20,-0.6506,-0.6378,-0.6238,0.000646,0.2006108058060217,-1.7554,-1.7209,0.0214
17355,2022-11-03 13:41:00-04:00,2022-11-03 14:21:00-04:00,p,20,-0.6488,-0.6361,-0.6212,0.001544,0.0331198791552433,-1.7554,-1.7209,0.0214
17356,2022-11-03 19:01:00-04:00,2022-11-03 23:01:00-04:00,p,20,-0.6572,-0.6443,-0.6288,0.000597,0.2466061885406961,-1.7554,-1.7209,0.0214
17357,2022-11-03 23:04:00-04:00,2022-11-04 03:01:00-04:00,p,20,-0.6555,-0.6426,-0.6263,0.000606,0.2344366308152,-1.7554,-1.7209,0.0214
17358,2022-11-04 03:03:00-04:00,2022-11-04 07:30:00-04:00,p,20,-0.655,-0.6422,-0.6248,0.000566,0.2709932209318897,-1.7554,-1.7209,0.0214
17359,2022-11-04 07:33:00-04:00,2022-11-04 11:21:00-04:00,p,20,-0.6549,-0.642,-0.6237,0.000601,0.2364258416566968,-1.7554,-1.7209,0.0214
17360,2022-11-04 11:28:00-04:00,2022-11-04 13:23:00-04:00,p,20,-0.6369,-0.6244,-0.6058,0.000844,0.1161820406005001,-1.7554,-1.7209,0.0214
17361,2022-11-04 16:32:00-04:00,2022-11-04 20:30:00-04:00,p,20,-0.6408,-0.6282,-0.6092,0.000578,0.2404765551188057,-1.7554,-1.7209,0.0214
17362,2022-11-04 22:09:00-04:00,2022-11-05 00:47:00-04:00,p,20,-0.6535,-0.6406,-0.621,0.000721,0.1666274713059869,-1.7554,-1.7209,0.0214
17363,2022-11-05 01:05:00-04:00,2022-11-05 02:50:00-04:00,p,20,-0.644,-0.6313,-0.6115,0.000919,0.0979187935016829,-1.7554,-1.7209,0.0214
17364,2022-11-05 03:04:00-04:00,2022-11-05 04:30:00-04:00,p,20,-0.6466,-0.6339,-0.6139,0.000968,0.0887470893225876,-1.7554,-1.7209,0.0214
17366,2022-11-05 04:47:00-04:00,2022-11-05 04:53:00-04:00,p,20,-0.5992,-0.5874,-0.5672,0.003352,0.006423811174238,-1.7554,-1.7209,0.0214
17368,2022-11-05 13:08:00-04:00,2022-11-05 15:42:00-04:00,p,20,-0.626,-0.6137,-0.4544,0.000752,0.1159678220996412,-1.7554,-1.7209,0.0214
17371,2022-11-06 09:40:00-05:00,2022-11-06 12:13:00-05:00,p,20,0.8036,0.7878,0.7688,0.001017,0.1184264707849439,-1.7554,-1.7209,0.0214
17373,2022-11-06 13:16:00-05:00,2022-11-06 17:42:00-05:00,p,20,0.7896,0.774,0.7547,0.00072,0.229193714025418,-1.7554,-1.7209,0.0214
17374,2022-11-06 17:45:00-05:00,2022-11-06 23:11:00-05:00,p,20,0.7741,0.7588,0.7391,0.000714,0.220304270611137,-1.7554,-1.7209,0.0214
17375,2022-11-07 01:58:00-05:00,2022-11-07 05:51:00-05:00,p,20,0.7643,0.7493,0.7289,0.000708,0.2305394253071744,-1.7554,-1.7209,0.0214
17376,2022-11-07 05:54:00-05:00,2022-11-07 07:55:00-05:00,p,20,0.758,0.743,0.7221,0.001278,0.0657214232814666,-1.7554,-1.7209,0.0214
17379,2022-11-07 14:23:00-05:00,2022-11-07 19:53:00-05:00,p,20,0.7562,0.7413,0.7202,0.000691,0.2083559536173443,-1.7554,-1.7209,0.0214
17381,2022-11-07 21:23:00-05:00,2022-11-08 01:22:00-05:00,p,20,0.7496,0.7349,0.7133,0.000777,0.1564385942721393,-1.7554,-1.7209,0.0214
17382,2022-11-07 01:28:00-05:00,2022-11-07 05:07:00-05:00,p,20,0.7652,0.7502,0.73,0.000772,0.1923018621534456,-1.7554,-1.7209,0.0214
17575,2023-02-15 01:07:00-05:00,2023-02-15 01:33:00-05:00,p,15,0.3264,0.3572,0.3509,0.004827,0.0216520431127859,-2.5458,-2.7862,0.1662
17576,2023-02-15 01:39:00-05:00,2023-02-15 05:39:00-05:00,p,15,0.3418,0.3741,0.3673,0.001896,0.1464491666688125,-2.5458,-2.7862,0.1662
17577,2023-02-15 05:50:00-05:00,2023-02-15 09:50:00-05:00,p,15,0.36,0.394,0.3857,0.001755,0.1981785590663508,-2.5458,-2.7862,0.1662
17581,2023-02-15 10:26:00-05:00,2023-02-15 11:52:00-05:00,p,15,0.3612,0.3953,0.3865,0.003005,0.0649442653236102,-2.5458,-2.7862,0.1662
17583,2023-02-15 12:26:00-05:00,2023-02-15 12:39:00-05:00,p,15,0.3622,0.3964,0.3872,0.008228,0.0090181555962559,-2.5458,-2.7862,0.1662
17584,2023-02-15 12:47:00-05:00,2023-02-15 16:57:00-05:00,p,15,0.3614,0.3955,0.386,0.001711,0.20528821934744,-2.5458,-2.7862,0.1662
17585,2023-02-15 17:01:00-05:00,2023-02-15 21:02:00-05:00,p,15,0.3613,0.3954,0.3851,0.001751,0.1844397803558715,-2.5458,-2.7862,0.1662
17586,2023-02-15 21:05:00-05:00,2023-02-16 01:05:00-05:00,p,15,0.3612,0.3953,0.3842,0.001712,0.1856335539417627,-2.5458,-2.7862,0.1662
17587,2023-02-16 01:09:00-05:00,2023-02-16 05:05:00-05:00,p,15,0.3624,0.3966,0.3851,0.002018,0.1287370008378463,-2.5458,-2.7862,0.1662
17588,2023-02-16 05:14:00-05:00,2023-02-16 07:17:00-05:00,p,15,0.3595,0.3934,0.3813,0.00302,0.0607001561805417,-2.5458,-2.7862,0.1662
17589,2023-02-16 08:55:00-05:00,2023-02-16 12:53:00-05:00,p,15,0.3637,0.398,0.381,0.001818,0.1754184767646487,-2.5458,-2.7862,0.1662
17593,2023-02-16 17:15:00-05:00,2023-02-16 21:16:00-05:00,p,15,0.3646,0.399,0.3815,0.002061,0.1260056862371719,-2.5458,-2.7862,0.1662
17594,2023-02-16 21:20:00-05:00,2023-02-17 01:23:00-05:00,p,15,0.3627,0.3969,0.3788,0.001711,0.1741317390811161,-2.5458,-2.7862,0.1662
17595,2023-02-17 01:26:00-05:00,2023-02-17 05:25:00-05:00,p,15,0.3612,0.3953,0.3769,0.00183,0.1517804530084558,-2.5458,-2.7862,0.1662
17596,2023-02-17 05:27:00-05:00,2023-02-17 08:29:00-05:00,p,15,0.3596,0.3936,0.3751,0.0022,0.1152683580171503,-2.5458,-2.7862,0.1662
17597,2023-02-17 08:37:00-05:00,2023-02-17 09:32:00-05:00,p,15,0.3602,0.3942,0.3758,0.003714,0.03990186531817,-2.5458,-2.7862,0.1662
17598,2023-02-17 15:15:00-05:00,2023-02-17 18:43:00-05:00,p,15,-0.2642,-0.2892,-0.2843,0.001506,0.1431699821108275,-2.5458,-2.7862,0.1662
17599,2023-02-17 20:34:00-05:00,2023-02-17 21:42:00-05:00,p,15,-0.5811,-0.3319,-0.3266,0.002818,0.0538099491845996,-4.8779,-2.7862,0.1662
17600,2023-02-17 21:46:00-05:00,2023-02-18 01:45:00-05:00,p,15,-0.5806,-0.3316,-0.3261,0.001649,0.1624338432399107,-4.8779,-2.7862,0.1662
17601,2023-02-18 01:47:00-05:00,2023-02-18 05:45:00-05:00,p,15,-0.5778,-0.3301,-0.3245,0.001744,0.1389607956102142,-4.8779,-2.7862,0.1662
17602,2023-02-18 05:48:00-05:00,2023-02-18 07:11:00-05:00,p,15,-0.5782,-0.3302,-0.3246,0.004588,0.0201803290776458,-4.8779,-2.7862,0.1662
17603,2023-02-18 09:22:00-05:00,2023-02-18 13:27:00-05:00,p,15,-0.5948,-0.3398,-0.3338,0.001897,0.1262967465459028,-4.8779,-2.7862,0.1662
17604,2023-02-18 13:29:00-05:00,2023-02-18 17:29:00-05:00,p,15,-0.5873,-0.3355,-0.3292,0.001584,0.1833693205628264,-4.8779,-2.7862,0.1662
17605,2023-02-18 17:33:00-05:00,2023-02-18 21:38:00-05:00,p,15,-0.5825,-0.3327,-0.3262,0.001542,0.1891617169898793,-4.8779,-2.7862,0.1662
17606,2023-02-18 21:44:00-05:00,2023-02-19 01:56:00-05:00,p,15,-0.5793,-0.3309,-0.324,0.001454,0.1942371218738702,-4.8779,-2.7862,0.1662
17607,2023-02-19 02:00:00-05:00,2023-02-19 05:50:00-05:00,p,15,-0.5754,-0.3287,-0.3215,0.00155,0.1765433582577411,-4.8779,-2.7862,0.1662
17608,2023-02-19 06:27:00-05:00,2023-02-19 11:07:00-05:00,p,15,-0.575,-0.3284,-0.3207,0.00142,0.2068346186598853,-4.8779,-2.7862,0.1662
17609,2023-02-19 11:12:00-05:00,2023-02-19 11:32:00-05:00,p,15,-0.582,-0.3324,-0.3233,0.009671,0.0032237347736833,-4.8779,-2.7862,0.1662
17610,2023-02-19 12:06:00-05:00,2023-02-19 16:18:00-05:00,p,15,-0.5809,-0.3318,-0.3226,0.001458,0.1901601504093977,-4.8779,-2.7862,0.1662
17611,2023-02-19 16:34:00-05:00,2023-02-19 18:54:00-05:00,p,15,-0.5825,-0.3327,-0.3234,0.002111,0.089311255409273,-4.8779,-2.7862,0.1662
17617,2023-02-19 06:47:00-05:00,2023-02-19 08:54:00-05:00,p,15,-0.5729,-0.3272,-0.3199,0.002005,0.1070247853576071,-4.8779,-2.7862,0.1662
17720,2023-03-07 04:09:00-05:00,2023-03-07 07:12:00-05:00,p,15,0.4188,0.4463,0.4302,0.001942,0.1120313791526916,-3.1739,-3.3822,0.1553
17721,2023-03-07 07:29:00-05:00,2023-03-07 09:55:00-05:00,p,15,0.4353,0.4638,0.4456,0.002455,0.0720766615823024,-3.1739,-3.3822,0.1553
17724,2023-03-07 17:32:00-05:00,2023-03-07 19:18:00-05:00,p,15,0.4659,0.4965,0.4742,0.004814,0.0212099752273566,-3.1739,-3.3822,0.1553
17725,2023-03-07 19:49:00-05:00,2023-03-07 23:23:00-05:00,p,15,0.4683,0.499,0.4758,0.001964,0.1280737316995948,-3.1739,-3.3822,0.1553
17726,2023-03-07 23:31:00-05:00,2023-03-08 00:24:00-05:00,p,15,0.4689,0.4996,0.4758,0.003952,0.0332059013498872,-3.1739,-3.3822,0.1553
17727,2023-03-08 01:27:00-05:00,2023-03-08 05:10:00-05:00,p,15,0.4715,0.5024,0.4775,0.001787,0.1628601440013644,-3.1739,-3.3822,0.1553
17728,2023-03-08 05:13:00-05:00,2023-03-08 06:43:00-05:00,p,15,0.4722,0.5032,0.4774,0.00304,0.0509105905719913,-3.1739,-3.3822,0.1553
17729,2023-03-08 06:48:00-05:00,2023-03-08 07:32:00-05:00,p,15,0.4727,0.5037,0.478,0.003921,0.0335888102782431,-3.1739,-3.3822,0.1553
17732,2023-03-08 11:01:00-05:00,2023-03-08 15:01:00-05:00,p,15,0.4774,0.5087,0.4819,0.002082,0.1214373849666258,-3.1739,-3.3822,0.1553
17733,2023-03-08 15:03:00-05:00,2023-03-08 15:59:00-05:00,p,15,0.4752,0.5064,0.4789,0.004163,0.0296095309730423,-3.1739,-3.3822,0.1553
17734,2023-03-08 16:04:00-05:00,2023-03-08 20:00:00-05:00,p,15,0.4766,0.5078,0.4796,0.001779,0.1684099009500712,-3.1739,-3.3822,0.1553
17735,2023-03-08 20:10:00-05:00,2023-03-08 21:39:00-05:00,p,15,0.4767,0.5079,0.4792,0.003385,0.0452443615523769,-3.1739,-3.3822,0.1553
17737,2023-03-08 23:28:00-05:00,2023-03-09 03:28:00-05:00,p,15,0.4782,0.5096,0.48,0.001727,0.1788196970653304,-3.1739,-3.3822,0.1553
17738,2023-03-09 03:30:00-05:00,2023-03-09 07:27:00-05:00,p,15,0.4768,0.5081,0.4774,0.001779,0.1714985412289363,-3.1739,-3.3822,0.1553
17740,2023-03-09 07:53:00-05:00,2023-03-09 11:55:00-05:00,p,15,0.4763,0.5076,0.4761,0.001912,0.1508297750141929,-3.1739,-3.3822,0.1553
17741,2023-03-09 12:04:00-05:00,2023-03-09 14:54:00-05:00,p,15,0.4753,0.5065,0.4744,0.002055,0.1300143753956348,-3.1739,-3.3822,0.1553
17748,2023-03-10 14:47:00-05:00,2023-03-10 15:14:00-05:00,p,15,-0.5952,-0.7331,-0.7082,0.044038,0.00407150713223,-4.5,-5.543,0.7624
17750,2023-03-10 22:17:00-05:00,2023-03-11 00:41:00-05:00,p,15,-0.6481,-0.7983,-0.77,0.010295,0.0864210256350264,-4.5,-5.543,0.7624
17751,2023-03-11 01:12:00-05:00,2023-03-11 05:11:00-05:00,p,15,-0.6286,-0.7744,-0.7448,0.00752,0.1572123629850445,-4.5,-5.543,0.7624
17752,2023-03-11 05:22:00-05:00,2023-03-11 07:55:00-05:00,p,15,-0.6193,-0.7628,-0.7332,0.009308,0.0994169142991136,-4.5,-5.543,0.7624
17753,2023-03-11 08:10:00-05:00,2023-03-11 11:39:00-05:00,p,15,-0.6165,-0.7594,-0.7286,0.007603,0.1439986991612891,-4.5,-5.543,0.7624
17754,2023-03-11 13:12:00-05:00,2023-03-11 15:44:00-05:00,p,15,-0.6182,-0.7614,-0.7302,0.009082,0.1064397964285691,-4.5,-5.543,0.7624
17755,2023-03-11 16:05:00-05:00,2023-03-11 18:32:00-05:00,p,15,-0.617,-0.7601,-0.7283,0.008918,0.1112779553208393,-4.5,-5.543,0.7624
17756,2023-03-11 18:38:00-05:00,2023-03-11 22:38:00-05:00,p,15,-0.6152,-0.7578,-0.7253,0.007415,0.1667860261007531,-4.5,-5.543,0.7624
17757,2023-03-11 22:41:00-05:00,2023-03-12 01:04:00-05:00,p,15,-0.6148,-0.7573,-0.7238,0.009747,0.0961457133576259,-4.5,-5.543,0.7624
17758,2023-03-12 01:11:00-05:00,2023-03-12 05:52:00-04:00,p,15,-0.6148,-0.7573,-0.7238,0.009747,0.0961457133576259,-4.5,-5.543,0.7624
17759,2023-03-12 05:59:00-04:00,2023-03-12 09:36:00-04:00,p,15,-0.6098,-0.7512,-0.7167,0.00686,0.1818465591486994,-4.5,-5.543,0.7624
17760,2023-03-12 09:51:00-04:00,2023-03-12 12:47:00-04:00,p,15,-0.606,-0.7464,-0.7108,0.007588,0.1443014281041954,-4.5,-5.543,0.7624
17762,2023-03-12 13:14:00-04:00,2023-03-12 15:18:00-04:00,p,15,-0.6048,-0.7449,-0.7094,0.00927,0.0931058500800179,-4.5,-5.543,0.7624
17769,2023-03-13 18:27:00-04:00,2023-03-13 22:09:00-04:00,p,15,0.6459,0.7957,0.7754,0.006777,0.1565906913350847,-4.5,-5.543,0.7624
17770,2023-03-13 22:38:00-04:00,2023-03-14 02:22:00-04:00,p,15,0.627,0.7723,0.7518,0.008227,0.193898651969635,-4.5,-5.543,0.7624
17771,2023-03-14 02:27:00-04:00,2023-03-14 05:36:00-04:00,p,15,0.6149,0.7574,0.7366,0.009448,0.146780261024752,-4.5,-5.543,0.7624
17772,2023-03-14 05:59:00-04:00,2023-03-14 09:57:00-04:00,p,15,0.6295,0.7754,0.7525,0.008208,0.182945768812408,-4.5,-5.543,0.7624
17774,2023-03-14 15:40:00-04:00,2023-03-14 16:54:00-04:00,p,15,-0.5878,-0.724,-0.6987,0.023452,0.017037889925949,-4.5,-5.543,0.7624
17775,2023-03-14 17:08:00-04:00,2023-03-14 21:07:00-04:00,p,15,-0.5898,-0.7265,-0.7004,0.00746,0.1876855189142884,-4.5,-5.543,0.7624
17776,2023-03-14 21:11:00-04:00,2023-03-15 01:02:00-04:00,p,15,-0.5822,-0.7172,-0.6903,0.007322,0.1927731219483561,-4.5,-5.543,0.7624
17777,2023-03-15 01:05:00-04:00,2023-03-15 04:50:00-04:00,p,15,-0.584,-0.7194,-0.6916,0.007456,0.1927248244893629,-4.5,-5.543,0.7624
17778,2023-03-15 04:52:00-04:00,2023-03-15 08:11:00-04:00,p,15,-0.5843,-0.7198,-0.6918,0.00824,0.1552479459466125,-4.5,-5.543,0.7624
16270,2022-07-08 07:48:00-04:00,2022-07-08 10:41:00-04:00,d,20,0.0726,0.2444,0.2461,0.000206,0.0589904260231727,-5.2467,-17.658,0.1294
16273,2022-07-09 00:06:00-04:00,2022-07-09 02:25:00-04:00,d,20,0.0683,0.23,0.2351,0.000198,0.0573825358952298,-5.2467,-17.658,0.1294
16277,2022-07-09 06:49:00-04:00,2022-07-09 09:49:00-04:00,d,20,0.0865,0.1587,0.163,0.000218,0.0779399372971086,-5.2467,-9.63,0.1294
16279,2022-07-09 22:45:00-04:00,2022-07-10 01:29:00-04:00,d,20,0.0641,0.1176,0.1646,0.000241,0.0685006288747786,-5.2467,-9.63,0.1294
16281,2022-07-10 09:37:00-04:00,2022-07-10 13:41:00-04:00,d,20,0.064,0.1175,0.1627,0.000207,0.0864534968228233,-5.2467,-9.63,0.1294
16283,2022-07-10 13:59:00-04:00,2022-07-10 15:55:00-04:00,d,20,0.0658,0.1208,0.1684,0.000407,0.0243124343457064,-5.2467,-9.63,0.1294
16284,2022-07-10 16:18:00-04:00,2022-07-10 19:26:00-04:00,d,20,0.0456,0.1475,0.1407,0.00012,0.0650929181979531,-5.2467,-16.972,0.1294
16285,2022-07-10 20:20:00-04:00,2022-07-11 00:20:00-04:00,d,20,0.0661,0.2138,0.199,0.0002,0.1093429096113235,-5.2467,-16.972,0.1294
16286,2022-07-11 00:24:00-04:00,2022-07-11 04:22:00-04:00,d,20,0.0704,0.2278,0.21,0.000218,0.1028171050408376,-5.2467,-16.972,0.1294
16287,2022-07-11 04:27:00-04:00,2022-07-11 08:29:00-04:00,d,20,0.0756,0.2446,0.2293,0.000239,0.0976298021992959,-5.2467,-16.972,0.1294
16288,2022-07-11 08:31:00-04:00,2022-07-11 11:01:00-04:00,d,20,0.077,0.2491,0.2358,0.000316,0.0628170907482814,-5.2467,-16.972,0.1294
16289,2022-07-11 11:08:00-04:00,2022-07-11 12:27:00-04:00,d,20,0.0802,0.2596,0.2474,0.000459,0.0359802182163997,-5.2467,-16.972,0.1294
16360,2022-07-19 17:16:00-04:00,2022-07-19 17:29:00-04:00,d,20,0.0427,0.0647,0.0671,0.000829,0.0018552478260643,-3.7019,-5.608,0.1294
16361,2022-07-19 17:33:00-04:00,2022-07-19 17:49:00-04:00,d,20,0.0425,0.0644,0.0699,0.000878,0.0018586294084083,-3.7019,-5.608,0.1294
16362,2022-07-19 17:53:00-04:00,2022-07-19 19:01:00-04:00,d,20,0.0433,0.0656,0.0709,0.000259,0.0327346438184224,-3.7019,-5.608,0.1294
16401,2022-07-21 21:01:00-04:00,2022-07-21 21:46:00-04:00,d,20,0.1682,0.1512,0.1202,0.000227,0.0238046040528831,-14.5,-13.03,0.1294
16403,2022-07-21 22:57:00-04:00,2022-07-22 03:02:00-04:00,d,20,0.2221,0.1996,0.1644,0.000137,0.1240346646383867,-14.5,-13.03,0.1294
16404,2022-07-22 03:06:00-04:00,2022-07-22 06:56:00-04:00,d,20,0.2533,0.2276,0.1848,0.000159,0.1136698394986951,-14.5,-13.03,0.1294
16405,2022-07-22 06:58:00-04:00,2022-07-22 10:01:00-04:00,d,20,0.2687,0.2415,0.202,0.000223,0.0653516163436252,-14.5,-13.03,0.1294
16406,2022-07-22 11:03:00-04:00,2022-07-22 13:05:00-04:00,d,20,0.2723,0.2447,0.2106,0.000264,0.0495244546184891,-14.5,-13.03,0.1294
16407,2022-07-22 13:23:00-04:00,2022-07-22 14:46:00-04:00,d,20,0.2914,0.2619,0.2279,0.000349,0.0350739768902803,-14.5,-13.03,0.1294
16408,2022-07-22 14:56:00-04:00,2022-07-22 17:02:00-04:00,d,20,0.3146,0.2827,0.2394,0.000314,0.0485600952696334,-14.5,-13.03,0.1294
16409,2022-07-22 17:11:00-04:00,2022-07-22 21:11:00-04:00,d,20,0.3294,0.296,0.2509,0.000211,0.1181512423903398,-14.5,-13.03,0.1294
16410,2022-07-22 21:44:00-04:00,2022-07-22 23:11:00-04:00,d,20,0.3404,0.3059,0.2617,0.00043,0.0311028731952919,-14.5,-13.03,0.1294
16411,2022-07-22 23:24:00-04:00,2022-07-23 00:24:00-04:00,d,20,0.3468,0.3117,0.2666,0.000446,0.0304963994218711,-14.5,-13.03,0.1294
16412,2022-07-23 00:26:00-04:00,2022-07-23 01:00:00-04:00,d,20,0.3476,0.3123,0.2632,0.000598,0.0144039222532443,-14.5,-13.03,0.1294
16414,2022-07-23 01:40:00-04:00,2022-07-23 03:35:00-04:00,d,20,0.3548,0.3188,0.2691,0.000331,0.0576570404165972,-14.5,-13.03,0.1294
16415,2022-07-23 03:48:00-04:00,2022-07-23 05:11:00-04:00,d,20,0.3606,0.324,0.2766,0.000451,0.0305979068243714,-14.5,-13.03,0.1294
16416,2022-07-23 05:21:00-04:00,2022-07-23 09:22:00-04:00,d,20,0.3669,0.3297,0.2822,0.000246,0.1129032596928433,-14.5,-13.03,0.1294
16419,2022-07-23 09:59:00-04:00,2022-07-23 13:20:00-04:00,d,20,0.3708,0.3332,0.2819,0.000257,0.0911743010796488,-14.5,-13.03,0.1294
16420,2022-07-23 13:30:00-04:00,2022-07-23 13:47:00-04:00,d,20,0.3744,0.3364,0.2899,0.00128,0.0038248470109931,-14.5,-13.03,0.1294
16421,2022-07-23 16:20:00-04:00,2022-07-23 18:16:00-04:00,d,20,0.3819,0.3432,0.2943,0.000367,0.0491601015548375,-14.5,-13.03,0.1294
16422,2022-07-23 18:42:00-04:00,2022-07-23 22:42:00-04:00,d,20,0.3841,0.3452,0.2952,0.000254,0.106899397635898,-14.5,-13.03,0.1294
16423,2022-07-23 22:45:00-04:00,2022-07-24 02:44:00-04:00,d,20,0.3924,0.3526,0.2996,0.000251,0.11307325216865,-14.5,-13.03,0.1294
16424,2022-07-24 02:47:00-04:00,2022-07-24 04:36:00-04:00,d,20,0.3979,0.3576,0.3044,0.00039,0.0465230026644848,-14.5,-13.03,0.1294
16425,2022-07-24 05:00:00-04:00,2022-07-24 06:14:00-04:00,d,20,0.401,0.3604,0.31,0.000472,0.0341052069478944,-14.5,-13.03,0.1294
16426,2022-07-24 06:28:00-04:00,2022-07-24 10:30:00-04:00,d,20,0.3999,0.3594,0.3065,0.000264,0.1081978021567217,-14.5,-13.03,0.1294
16432,2022-07-24 11:16:00-04:00,2022-07-24 14:39:00-04:00,d,20,0.4051,0.364,0.3172,0.000299,0.0829250774788594,-14.5,-13.03,0.1294
16433,2022-07-24 19:13:00-04:00,2022-07-24 21:21:00-04:00,d,20,-0.0826,-0.0742,-0.1127,0.000174,0.0340912428317606,-14.5,-13.03,0.1294
16434,2022-07-25 01:01:00-04:00,2022-07-25 05:06:00-04:00,d,20,-0.1579,-0.1419,-0.1779,0.000149,0.1119018102795557,-14.5,-13.03,0.1294
16435,2022-07-25 05:18:00-04:00,2022-07-25 09:24:00-04:00,d,20,-0.1838,-0.1652,-0.2023,0.000171,0.1126515286481903,-14.5,-13.03,0.1294
16436,2022-07-25 09:48:00-04:00,2022-07-25 13:27:00-04:00,d,20,-0.201,-0.1806,-0.2252,0.00022,0.0935080706972698,-14.5,-13.03,0.1294
16438,2022-07-25 13:54:00-04:00,2022-07-25 17:54:00-04:00,d,20,-0.2106,-0.1893,-0.2238,0.000202,0.0924372990020349,-14.5,-13.03,0.1294
16440,2022-07-25 20:07:00-04:00,2022-07-25 23:53:00-04:00,d,20,-0.221,-0.1986,-0.2311,0.000205,0.1028550526878003,-14.5,-13.03,0.1294
16441,2022-07-25 23:59:00-04:00,2022-07-26 01:45:00-04:00,d,20,-0.226,-0.2031,-0.2389,0.000299,0.0526368745007661,-14.5,-13.03,0.1294
16442,2022-07-26 02:13:00-04:00,2022-07-26 02:32:00-04:00,d,20,-0.2254,-0.2026,-0.2351,0.000677,0.0094467176692834,-14.5,-13.03,0.1294
16443,2022-07-26 02:38:00-04:00,2022-07-26 06:31:00-04:00,d,20,-0.2258,-0.2029,-0.2363,0.000204,0.1055806999370226,-14.5,-13.03,0.1294
16444,2022-07-26 06:37:00-04:00,2022-07-26 07:12:00-04:00,d,20,-0.2312,-0.2078,-0.2409,0.000552,0.015334562531338,-14.5,-13.03,0.1294
16445,2022-07-26 07:16:00-04:00,2022-07-26 07:52:00-04:00,d,20,-0.234,-0.2103,-0.2411,0.000542,0.0153577985413658,-14.5,-13.03,0.1294
16447,2022-07-26 09:31:00-04:00,2022-07-26 12:29:00-04:00,d,20,-0.2405,-0.2162,-0.2503,0.000301,0.0518481134702504,-14.5,-13.03,0.1294
16448,2022-07-26 12:56:00-04:00,2022-07-26 15:31:00-04:00,d,20,-0.2458,-0.2209,-0.2546,0.000327,0.0432420253944865,-14.5,-13.03,0.1294
16449,2022-07-26 17:23:00-04:00,2022-07-26 17:41:00-04:00,d,20,-0.2666,-0.2396,-0.2802,0.000946,0.0072337229898617,-14.5,-13.03,0.1294
16455,2022-07-27 16:25:00-04:00,2022-07-27 20:27:00-04:00,d,20,-0.3297,-0.2962,-0.3553,0.000302,0.1220960880166255,-14.5,-13.03,0.1294
16456,2022-07-27 20:30:00-04:00,2022-07-27 20:55:00-04:00,d,20,-0.3379,-0.3036,-0.3644,0.000913,0.0142703970618484,-14.5,-13.03,0.1294
16457,2022-07-27 21:05:00-04:00,2022-07-27 21:16:00-04:00,d,20,-0.3397,-0.3053,-0.366,0.001392,0.0055076128458748,-14.5,-13.03,0.1294
16458,2022-07-27 21:44:00-04:00,2022-07-27 22:26:00-04:00,d,20,-0.3395,-0.3051,-0.3645,0.001024,0.0102950322224055,-14.5,-13.03,0.1294
16460,2022-07-27 22:35:00-04:00,2022-07-28 02:33:00-04:00,d,20,-0.3452,-0.3102,-0.3707,0.000314,0.1108763592797069,-14.5,-13.03,0.1294
16461,2022-07-28 02:36:00-04:00,2022-07-28 06:34:00-04:00,d,20,-0.3536,-0.3178,-0.3835,0.000328,0.1111243869889666,-14.5,-13.03,0.1294
16463,2022-07-28 06:43:00-04:00,2022-07-28 07:58:00-04:00,d,20,-0.3632,-0.3264,-0.3937,0.000615,0.0345641747582186,-14.5,-13.03,0.1294
16465,2022-07-28 20:24:00-04:00,2022-07-28 22:19:00-04:00,d,20,-0.2378,-0.0549,-0.0552,0.000452,0.0401922651318629,-14.5,-3.348,0.1938
16466,2022-07-28 22:32:00-04:00,2022-07-28 22:40:00-04:00,d,20,-0.2684,-0.062,-0.0629,0.00163,0.0047005711478061,-14.5,-3.348,0.1938
16467,2022-07-28 22:45:00-04:00,2022-07-29 02:52:00-04:00,d,20,-0.3001,-0.0693,-0.0697,0.000335,0.1210215595759055,-14.5,-3.348,0.1938
16468,2022-07-29 02:57:00-04:00,2022-07-29 06:27:00-04:00,d,20,-0.3318,-0.0766,-0.078,0.000417,0.0969051360533486,-14.5,-3.348,0.1938
16469,2022-07-29 06:48:00-04:00,2022-07-29 10:10:00-04:00,d,20,-0.3499,-0.0808,-0.0828,0.000468,0.0826859826643017,-14.5,-3.348,0.1938
16470,2022-07-29 10:31:00-04:00,2022-07-29 14:01:00-04:00,d,20,-0.3575,-0.0825,-0.0843,0.000586,0.0534085359040821,-14.5,-3.348,0.1938
16471,2022-07-29 15:03:00-04:00,2022-07-29 18:59:00-04:00,d,20,-0.3694,-0.0853,-0.0867,0.000423,0.1174668358954865,-14.5,-3.348,0.1938
16472,2022-07-29 19:01:00-04:00,2022-07-29 21:35:00-04:00,d,20,-0.3749,-0.0866,-0.0892,0.000534,0.0767657705601309,-14.5,-3.348,0.1938
16473,2022-07-29 21:45:00-04:00,2022-07-30 01:45:00-04:00,d,20,-0.4005,-0.0925,-0.0947,0.000452,0.1272927620865473,-14.5,-3.348,0.1938
16474,2022-07-30 01:48:00-04:00,2022-07-30 04:42:00-04:00,d,20,-0.4109,-0.0949,-0.0975,0.000549,0.092732761138173,-14.5,-3.348,0.1938
16475,2022-07-30 05:02:00-04:00,2022-07-30 09:06:00-04:00,d,20,-0.4188,-0.0967,-0.1,0.000487,0.1190215578332512,-14.5,-3.348,0.1938
16476,2022-07-30 09:15:00-04:00,2022-07-30 12:37:00-04:00,d,20,-0.4207,-0.0971,-0.1003,0.000544,0.0944912688217064,-14.5,-3.348,0.1938
16477,2022-07-30 14:42:00-04:00,2022-07-30 18:37:00-04:00,d,20,-0.4347,-0.1004,-0.1009,0.000529,0.0946845845761774,-14.5,-3.348,0.1938
16478,2022-07-30 19:31:00-04:00,2022-07-30 20:51:00-04:00,d,20,-0.4362,-0.1007,-0.0998,0.000965,0.0251008377451922,-14.5,-3.348,0.1938
16480,2022-07-30 21:49:00-04:00,2022-07-30 22:05:00-04:00,d,20,-0.4409,-0.1018,-0.1023,0.002578,0.003520784352288,-14.5,-3.348,0.1938
16482,2022-07-30 22:46:00-04:00,2022-07-31 02:47:00-04:00,d,20,-0.4331,-0.1,-0.0992,0.000519,0.1016457335001818,-14.5,-3.348,0.1938
16483,2022-07-31 02:49:00-04:00,2022-07-31 06:48:00-04:00,d,20,-0.4196,-0.0969,-0.0967,0.000515,0.0947697758449285,-14.5,-3.348,0.1938
16484,2022-07-31 06:50:00-04:00,2022-07-31 10:59:00-04:00,d,20,-0.409,-0.0944,-0.0948,0.00047,0.1087064344473007,-14.5,-3.348,0.1938
16489,2022-07-31 12:07:00-04:00,2022-07-31 16:11:00-04:00,d,20,-0.4217,-0.0974,-0.0985,0.000496,0.1080902034383734,-14.5,-3.348,0.1938
16490,2022-07-31 16:13:00-04:00,2022-07-31 20:13:00-04:00,d,20,-0.4312,-0.0996,-0.1008,0.000499,0.1149135852862203,-14.5,-3.348,0.1938
16491,2022-07-31 20:15:00-04:00,2022-07-31 23:14:00-04:00,d,20,-0.41,-0.0947,-0.0968,0.00062,0.0661445045718938,-14.5,-3.348,0.1938
16493,2022-08-01 00:31:00-04:00,2022-08-01 04:29:00-04:00,d,20,-0.3773,-0.0871,-0.0891,0.000448,0.1111844049495429,-14.5,-3.348,0.1938
16494,2022-08-01 04:31:00-04:00,2022-08-01 04:55:00-04:00,d,20,-0.366,-0.0845,-0.0877,0.001617,0.0084906896968247,-14.5,-3.348,0.1938
16495,2022-08-01 05:14:00-04:00,2022-08-01 09:05:00-04:00,d,20,-0.361,-0.0833,-0.0863,0.000446,0.100031687846705,-14.5,-3.348,0.1938
16498,2022-08-01 14:40:00-04:00,2022-08-01 16:08:00-04:00,d,20,0.3895,0.2496,0.22,0.000476,0.0289145879908758,-14.5,-9.2923,0.1298
16500,2022-08-02 02:17:00-04:00,2022-08-02 06:15:00-04:00,d,20,0.511,0.3275,0.2956,0.000366,0.1057888519735587,-14.5,-9.2923,0.1298
16501,2022-08-02 06:18:00-04:00,2022-08-02 08:42:00-04:00,d,20,0.5201,0.3333,0.302,0.000564,0.0464520244788808,-14.5,-9.2923,0.1298
16502,2022-08-02 09:55:00-04:00,2022-08-02 14:01:00-04:00,d,20,0.5539,0.3549,0.3268,0.000411,0.1017306946103419,-14.5,-9.2923,0.1298
16503,2022-08-02 14:10:00-04:00,2022-08-02 18:09:00-04:00,d,20,0.5622,0.3603,0.3297,0.000403,0.1021768900149843,-14.5,-9.2923,0.1298
16504,2022-08-02 18:11:00-04:00,2022-08-02 21:18:00-04:00,d,20,0.5649,0.362,0.3288,0.000506,0.0618491996155612,-14.5,-9.2923,0.1298
16505,2022-08-02 21:23:00-04:00,2022-08-02 21:29:00-04:00,d,20,0.5962,0.3821,0.3485,0.002902,0.0019884240402811,-14.5,-9.2923,0.1298
16506,2022-08-02 21:46:00-04:00,2022-08-02 23:08:00-04:00,d,20,0.5968,0.3825,0.353,0.000746,0.0324612685938294,-14.5,-9.2923,0.1298
16507,2022-08-03 08:17:00-04:00,2022-08-03 12:10:00-04:00,d,20,0.6072,0.3891,0.354,0.000442,0.0993175597841405,-14.5,-9.2923,0.1298
16508,2022-08-03 12:30:00-04:00,2022-08-03 14:48:00-04:00,d,20,0.6129,0.3928,0.3607,0.000672,0.0430020107529469,-14.5,-9.2923,0.1298
16509,2022-08-03 15:04:00-04:00,2022-08-03 16:24:00-04:00,d,20,0.6162,0.3949,0.366,0.000846,0.0291380587381864,-14.5,-9.2923,0.1298
16510,2022-08-03 16:31:00-04:00,2022-08-03 20:30:00-04:00,d,20,0.6064,0.3886,0.3606,0.000449,0.1021050635295364,-14.5,-9.2923,0.1298
16511,2022-08-03 20:44:00-04:00,2022-08-04 00:47:00-04:00,d,20,0.6055,0.388,0.359,0.00042,0.109870958837381,-14.5,-9.2923,0.1298
16512,2022-08-04 00:50:00-04:00,2022-08-04 04:50:00-04:00,d,20,0.6047,0.3875,0.3582,0.000425,0.1046404288623536,-14.5,-9.2923,0.1298
16513,2022-08-04 04:52:00-04:00,2022-08-04 08:52:00-04:00,d,20,0.606,0.3884,0.3578,0.000431,0.1037154641689593,-14.5,-9.2923,0.1298
16514,2022-08-04 08:55:00-04:00,2022-08-04 12:52:00-04:00,d,20,0.617,0.3954,0.3645,0.000444,0.1034742877425901,-14.5,-9.2923,0.1298
16515,2022-08-04 13:05:00-04:00,2022-08-04 17:07:00-04:00,d,20,0.6182,0.3962,0.3658,0.000433,0.1062599109405603,-14.5,-9.2923,0.1298
16517,2022-08-04 20:00:00-04:00,2022-08-04 21:14:00-04:00,d,20,0.627,0.4018,0.3717,0.001482,0.0095070175992295,-14.5,-9.2923,0.1298
16518,2022-08-04 22:27:00-04:00,2022-08-05 02:31:00-04:00,d,20,0.6216,0.3984,0.3653,0.000427,0.1180073904882934,-14.5,-9.2923,0.1298
16519,2022-08-05 02:35:00-04:00,2022-08-05 05:16:00-04:00,d,20,0.6284,0.4027,0.3713,0.000554,0.0668819354472616,-14.5,-9.2923,0.1298
16520,2022-08-05 05:43:00-04:00,2022-08-05 07:17:00-04:00,d,20,0.6286,0.4029,0.373,0.000715,0.043828172762109,-14.5,-9.2923,0.1298
16580,2022-08-06 01:45:00-04:00,2022-08-06 02:45:00-04:00,d,20,0.6447,0.4131,0.3923,0.000922,0.0309265222700361,-14.5,-9.2923,0.1298
16581,2022-08-06 02:48:00-04:00,2022-08-06 06:49:00-04:00,d,20,0.6451,0.4134,0.3876,0.000473,0.1100916581399225,-14.5,-9.2923,0.1298
16583,2022-08-06 07:03:00-04:00,2022-08-06 09:43:00-04:00,d,20,0.647,0.4146,0.387,0.000591,0.0632013946634071,-14.5,-9.2923,0.1298
16586,2022-08-06 13:04:00-04:00,2022-08-06 14:27:00-04:00,d,20,0.6525,0.4181,0.3947,0.00081,0.037289211198846,-14.5,-9.2923,0.1298
16587,2022-08-06 14:34:00-04:00,2022-08-06 16:15:00-04:00,d,20,0.6247,0.4004,0.3758,0.000693,0.0466756491754659,-14.5,-9.2923,0.1298
16588,2022-08-06 16:17:00-04:00,2022-08-06 20:21:00-04:00,d,20,0.6072,0.3891,0.3658,0.000441,0.115022369688595,-14.5,-9.2923,0.1298
16594,2022-08-06 21:02:00-04:00,2022-08-06 22:05:00-04:00,d,20,0.5684,0.3642,0.3433,0.000778,0.0353486979254321,-14.5,-9.2923,0.1298
16597,2022-08-07 00:03:00-04:00,2022-08-07 04:41:00-04:00,d,20,0.5262,0.3372,0.3092,0.00036,0.1162281718256008,-14.5,-9.2923,0.1298
16598,2022-08-07 04:03:00-04:00,2022-08-07 04:10:00-04:00,d,20,0.5566,0.3567,0.3313,0.002317,0.0030590884947185,-14.5,-9.2923,0.1298
16599,2022-08-07 04:13:00-04:00,2022-08-07 08:13:00-04:00,d,20,0.5717,0.3664,0.3407,0.000406,0.1163491822370842,-14.5,-9.2923,0.1298
16600,2022-08-07 08:16:00-04:00,2022-08-07 12:15:00-04:00,d,20,0.5891,0.3775,0.3509,0.000422,0.1118601039422293,-14.5,-9.2923,0.1298
16601,2022-08-07 12:53:00-04:00,2022-08-07 16:54:00-04:00,d,20,0.5827,0.3734,0.3435,0.000422,0.1064856359058109,-14.5,-9.2923,0.1298
16602,2022-08-07 16:59:00-04:00,2022-08-07 18:14:00-04:00,d,20,0.5441,0.3487,0.3211,0.000669,0.039583749967356,-14.5,-9.2923,0.1298
16604,2022-08-07 18:40:00-04:00,2022-08-07 22:41:00-04:00,d,20,0.5288,0.3389,0.3085,0.000362,0.121013005390253,-14.5,-9.2923,0.1298
16609,2022-08-07 23:56:00-04:00,2022-08-08 03:18:00-04:00,d,20,0.53,0.3397,0.3084,0.000393,0.1026571663388376,-14.5,-9.2923,0.1298
16610,2022-08-08 03:30:00-04:00,2022-08-08 07:31:00-04:00,d,20,0.533,0.3416,0.3096,0.000374,0.1128165356408104,-14.5,-9.2923,0.1298
16611,2022-08-08 07:33:00-04:00,2022-08-08 09:22:00-04:00,d,20,0.531,0.3403,0.3088,0.000642,0.039787569276136,-14.5,-9.2923,0.1298
16615,2022-08-08 13:47:00-04:00,2022-08-08 16:25:00-04:00,d,20,-0.2614,-0.0555,-0.0547,0.000369,0.086118017965878,-14.5,-3.0773,0.2004
16616,2022-08-08 16:39:00-04:00,2022-08-08 20:40:00-04:00,d,20,-0.3239,-0.0687,-0.067,0.00037,0.122899394488689,-14.5,-3.0773,0.2004
16617,2022-08-08 20:44:00-04:00,2022-08-09 00:43:00-04:00,d,20,-0.353,-0.0749,-0.0733,0.000408,0.1159934142537133,-14.5,-3.0773,0.2004
16618,2022-08-09 00:46:00-04:00,2022-08-09 02:15:00-04:00,d,20,-0.3758,-0.0798,-0.0783,0.000848,0.0306686324960728,-14.5,-3.0773,0.2004
16619,2022-08-09 03:20:00-04:00,2022-08-09 03:59:00-04:00,d,20,-0.3926,-0.0833,-0.0822,0.002233,0.0047603440294093,-14.5,-3.0773,0.2004
16620,2022-08-09 04:09:00-04:00,2022-08-09 08:09:00-04:00,d,20,-0.3985,-0.0846,-0.0831,0.000474,0.1122573698396406,-14.5,-3.0773,0.2004
16625,2022-08-09 14:58:00-04:00,2022-08-09 16:31:00-04:00,d,20,-0.4096,-0.0869,-0.085,0.000776,0.0475339843823154,-14.5,-3.0773,0.2004
16626,2022-08-09 17:14:00-04:00,2022-08-09 21:15:00-04:00,d,20,-0.4202,-0.0892,-0.0881,0.000497,0.1196655569091634,-14.5,-3.0773,0.2004
16627,2022-08-09 21:18:00-04:00,2022-08-10 01:30:00-04:00,d,20,-0.4277,-0.0908,-0.0901,0.00048,0.1381876032961645,-14.5,-3.0773,0.2004
16628,2022-08-10 01:33:00-04:00,2022-08-10 05:08:00-04:00,d,20,-0.4326,-0.0918,-0.0913,0.000536,0.1128053533628959,-14.5,-3.0773,0.2004
16629,2022-08-10 05:20:00-04:00,2022-08-10 09:20:00-04:00,d,20,-0.4354,-0.0924,-0.0921,0.000509,0.1236906757526247,-14.5,-3.0773,0.2004
16630,2022-08-10 09:23:00-04:00,2022-08-10 13:22:00-04:00,d,20,-0.4414,-0.0937,-0.0941,0.00051,0.1282627966608026,-14.5,-3.0773,0.2004
16631,2022-08-10 13:32:00-04:00,2022-08-10 16:05:00-04:00,d,20,-0.4511,-0.0957,-0.0954,0.000687,0.0714412423300933,-14.5,-3.0773,0.2004
16632,2022-08-10 16:40:00-04:00,2022-08-10 19:07:00-04:00,d,20,-0.44,-0.0934,-0.0929,0.000659,0.0765168407436211,-14.5,-3.0773,0.2004
16633,2022-08-10 19:23:00-04:00,2022-08-10 23:24:00-04:00,d,20,-0.4312,-0.0915,-0.0915,0.000501,0.1251765522745047,-14.5,-3.0773,0.2004
16634,2022-08-10 23:28:00-04:00,2022-08-11 03:28:00-04:00,d,20,-0.4291,-0.0911,-0.0909,0.000499,0.1214842613636377,-14.5,-3.0773,0.2004
16636,2022-08-11 03:43:00-04:00,2022-08-11 06:12:00-04:00,d,20,-0.4283,-0.0909,-0.0905,0.000641,0.0701946334844561,-14.5,-3.0773,0.2004
16882,2022-09-06 22:23:00-04:00,2022-09-06 23:20:00-04:00,d,20,0.3509,0.3807,0.3807,0.000105,0.0785412268855061,-1.34,-1.4538,0.0024
16884,2022-09-06 23:50:00-04:00,2022-09-07 00:13:00-04:00,d,20,0.3487,0.3784,0.3784,0.000164,0.0315727622717596,-1.34,-1.4538,0.0024
16887,2022-09-07 00:40:00-04:00,2022-09-07 01:38:00-04:00,d,20,0.3471,0.3765,0.3766,0.000102,0.0797173010634345,-1.34,-1.4538,0.0024
16888,2022-09-07 01:43:00-04:00,2022-09-07 03:00:00-04:00,d,20,0.3451,0.3744,0.3745,8.8e-05,0.1026340271214648,-1.34,-1.4538,0.0024
16889,2022-09-07 03:03:00-04:00,2022-09-07 06:39:00-04:00,d,20,0.341,0.37,0.3701,5.3e-05,0.2729865448927204,-1.34,-1.4538,0.0024
16890,2022-09-07 06:42:00-04:00,2022-09-07 08:05:00-04:00,d,20,0.3377,0.3663,0.3665,0.000103,0.0706680052499725,-1.34,-1.4538,0.0024
16898,2022-09-07 17:38:00-04:00,2022-09-07 18:52:00-04:00,d,20,0.236,0.256,0.256,6.8e-05,0.0283217391739995,-1.34,-1.4538,0.0024
16899,2022-09-07 18:54:00-04:00,2022-09-07 19:36:00-04:00,d,20,0.2548,0.2765,0.2765,0.000117,0.0142180661332862,-1.34,-1.4538,0.0024
16901,2022-09-07 19:52:00-04:00,2022-09-07 20:32:00-04:00,d,20,0.2713,0.2943,0.2944,9.8e-05,0.0245476181937611,-1.34,-1.4538,0.0024
16902,2022-09-07 20:37:00-04:00,2022-09-08 00:49:00-04:00,d,20,0.3138,0.3365,0.3365,4.6e-05,0.2112811882408581,-1.41,-1.4538,0.0024
16903,2022-09-08 00:56:00-04:00,2022-09-08 04:50:00-04:00,d,20,0.3667,0.3781,0.378,5.2e-05,0.2132654655467996,-1.41,-1.4538,0.0024
16904,2022-09-08 04:56:00-04:00,2022-09-08 08:42:00-04:00,d,20,0.371,0.3826,0.3825,5.3e-05,0.2087138057443023,-1.41,-1.4538,0.0024
16905,2022-09-08 08:49:00-04:00,2022-09-08 13:11:00-04:00,d,20,0.3675,0.3789,0.3789,4.9e-05,0.2472533321908573,-1.41,-1.4538,0.0024
16907,2022-09-08 14:41:00-04:00,2022-09-08 16:36:00-04:00,d,20,0.3657,0.3771,0.3771,7.8e-05,0.0886163892418543,-1.41,-1.4538,0.0024
16908,2022-09-08 16:55:00-04:00,2022-09-08 18:19:00-04:00,d,20,0.3625,0.3737,0.3738,8.5e-05,0.0749112992970788,-1.41,-1.4538,0.0024
16910,2022-09-08 18:48:00-04:00,2022-09-08 22:47:00-04:00,d,20,0.3573,0.3684,0.3683,5.2e-05,0.1880065163053678,-1.41,-1.4538,0.0024
16911,2022-09-08 22:50:00-04:00,2022-09-09 02:30:00-04:00,d,20,0.3458,0.3566,0.3564,5e-05,0.2025224714633632,-1.41,-1.4538,0.0024
16912,2022-09-09 02:33:00-04:00,2022-09-09 05:25:00-04:00,d,20,0.341,0.3516,0.3514,5.8e-05,0.1458243071140348,-1.41,-1.4538,0.0024
16913,2022-09-09 05:58:00-04:00,2022-09-09 09:19:00-04:00,d,20,0.3375,0.348,0.3479,5.2e-05,0.1751639096021274,-1.41,-1.4538,0.0024
16918,2022-09-09 11:43:00-04:00,2022-09-09 13:12:00-04:00,d,20,0.3356,0.346,0.3458,7.5e-05,0.083931130921136,-1.41,-1.4538,0.0024
16922,2022-09-09 14:24:00-04:00,2022-09-09 18:18:00-04:00,d,20,0.3342,0.3446,0.3444,4.7e-05,0.2157552075699632,-1.41,-1.4538,0.0024
16923,2022-09-09 19:10:00-04:00,2022-09-09 23:04:00-04:00,d,20,-0.2881,-0.2933,-0.2932,4.7e-05,0.211605867677195,-1.41,-1.4353,0.0027
16924,2022-09-09 23:10:00-04:00,2022-09-10 02:53:00-04:00,d,20,-0.3123,-0.3179,-0.3179,5.1e-05,0.2011625850787732,-1.41,-1.4353,0.0027
16925,2022-09-10 03:00:00-04:00,2022-09-10 04:41:00-04:00,d,20,-0.3144,-0.32,-0.32,7.7e-05,0.0907107371481184,-1.41,-1.4353,0.0027
16927,2022-09-10 05:51:00-04:00,2022-09-10 09:24:00-04:00,d,20,-0.3137,-0.3193,-0.3193,5.2e-05,0.2027045085009235,-1.41,-1.4353,0.0027
16928,2022-09-10 09:27:00-04:00,2022-09-10 13:02:00-04:00,d,20,-0.3126,-0.3182,-0.3182,5.2e-05,0.2017429782442133,-1.41,-1.4353,0.0027
16929,2022-09-10 13:07:00-04:00,2022-09-10 14:10:00-04:00,d,20,-0.3108,-0.3164,-0.3164,9.4e-05,0.0596890410489802,-1.41,-1.4353,0.0027
16931,2022-09-10 14:22:00-04:00,2022-09-10 17:59:00-04:00,d,20,-0.3059,-0.3114,-0.3114,5.6e-05,0.1660366837186932,-1.41,-1.4353,0.0027
16932,2022-09-10 18:59:00-04:00,2022-09-10 21:57:00-04:00,d,20,-0.3084,-0.314,-0.314,5.8e-05,0.1580176927413286,-1.41,-1.4353,0.0027
16933,2022-09-10 22:57:00-04:00,2022-09-11 02:33:00-04:00,d,20,-0.306,-0.3115,-0.3115,5.1e-05,0.205333472533694,-1.41,-1.4353,0.0027
16934,2022-09-11 02:39:00-04:00,2022-09-11 06:28:00-04:00,d,20,-0.303,-0.3084,-0.3085,5.1e-05,0.1960124849935165,-1.41,-1.4353,0.0027
16935,2022-09-11 06:41:00-04:00,2022-09-11 10:20:00-04:00,d,20,-0.3006,-0.306,-0.306,5e-05,0.1992794439804298,-1.41,-1.4353,0.0027
16943,2022-09-11 11:31:00-04:00,2022-09-11 11:43:00-04:00,d,20,-0.2979,-0.3032,-0.3033,0.000201,0.0126391476833274,-1.41,-1.4353,0.0027
16944,2022-09-11 11:49:00-04:00,2022-09-11 12:57:00-04:00,d,20,-0.296,-0.3013,-0.3014,8.7e-05,0.0649167395602387,-1.41,-1.4353,0.0027
16945,2022-09-11 15:38:00-04:00,2022-09-11 18:27:00-04:00,d,20,-0.156,-0.1607,-0.1607,7e-05,0.1476913866308529,-1.41,-1.4528,0.0061
16946,2022-09-11 18:33:00-04:00,2022-09-11 19:46:00-04:00,d,20,-0.1973,-0.2033,-0.2033,0.000147,0.0530781091162929,-1.41,-1.4528,0.0061
16947,2022-09-11 20:12:00-04:00,2022-09-11 23:05:00-04:00,d,20,-0.2285,-0.2354,-0.2354,0.000107,0.1337105358087525,-1.41,-1.4528,0.0061
16948,2022-09-11 23:11:00-04:00,2022-09-12 01:41:00-04:00,d,20,-0.2554,-0.2631,-0.263,0.000235,0.0334707357248872,-1.41,-1.4528,0.0061
16950,2022-09-12 05:38:00-04:00,2022-09-12 05:44:00-04:00,d,20,-0.2613,-0.2692,-0.2691,0.000564,0.0064324875818933,-1.41,-1.4528,0.0061
16951,2022-09-12 05:47:00-04:00,2022-09-12 09:30:00-04:00,d,20,-0.2724,-0.2807,-0.2806,0.000106,0.1908211200473193,-1.41,-1.4528,0.0061
16952,2022-09-12 09:38:00-04:00,2022-09-12 13:20:00-04:00,d,20,-0.2906,-0.2995,-0.2993,0.00011,0.1979778128021642,-1.41,-1.4528,0.0061
16958,2022-09-12 14:05:00-04:00,2022-09-12 17:33:00-04:00,d,20,-0.3007,-0.3099,-0.3098,0.000115,0.2005313737566511,-1.41,-1.4528,0.0061
16959,2022-09-12 17:41:00-04:00,2022-09-12 21:10:00-04:00,d,20,-0.3053,-0.3146,-0.3146,0.000118,0.1967381432837978,-1.41,-1.4528,0.0061
16960,2022-09-12 21:21:00-04:00,2022-09-13 00:07:00-04:00,d,20,-0.306,-0.3153,-0.3153,0.000132,0.1536759698629747,-1.41,-1.4528,0.0061
16961,2022-09-13 00:14:00-04:00,2022-09-13 00:26:00-04:00,d,20,-0.306,-0.3153,-0.3153,0.000466,0.0134481743938142,-1.41,-1.4528,0.0061
16962,2022-09-13 00:31:00-04:00,2022-09-13 00:37:00-04:00,d,20,-0.3057,-0.315,-0.3151,0.000658,0.0067126530594325,-1.41,-1.4528,0.0061
16963,2022-09-13 00:42:00-04:00,2022-09-13 04:09:00-04:00,d,20,-0.3062,-0.3155,-0.3156,0.000118,0.1973747110630337,-1.41,-1.4528,0.0061
16964,2022-09-13 04:15:00-04:00,2022-09-13 07:47:00-04:00,d,20,-0.3064,-0.3158,-0.3158,0.000117,0.200292348540785,-1.41,-1.4528,0.0061
16965,2022-09-13 07:49:00-04:00,2022-09-13 11:55:00-04:00,d,20,-0.3063,-0.3156,-0.3157,0.00012,0.1880331375137913,-1.41,-1.4528,0.0061
16967,2022-09-13 12:09:00-04:00,2022-09-13 14:18:00-04:00,d,20,-0.3041,-0.3133,-0.3134,0.000149,0.119557146404655,-1.41,-1.4528,0.0061
16968,2022-09-13 14:26:00-04:00,2022-09-13 16:59:00-04:00,d,20,-0.303,-0.3122,-0.3124,0.000135,0.1463439522951369,-1.41,-1.4528,0.0061
17039,2022-09-21 03:24:00-04:00,2022-09-21 07:19:00-04:00,d,20,0.4669,0.4463,0.4462,6e-05,0.1463213043697728,-1.57,-1.5005,0.0021
17040,2022-09-21 07:22:00-04:00,2022-09-21 09:48:00-04:00,d,20,0.4673,0.4502,0.4502,7.7e-05,0.0935587694190361,-1.39,-1.5005,0.0021
17041,2022-09-21 09:57:00-04:00,2022-09-21 12:15:00-04:00,d,20,0.423,0.4567,0.4566,7.4e-05,0.1197235224821191,-1.39,-1.5005,0.0021
17043,2022-09-21 13:10:00-04:00,2022-09-21 15:33:00-04:00,d,20,0.4233,0.457,0.457,8.5e-05,0.0786957910788298,-1.39,-1.5005,0.0021
17044,2022-09-21 15:50:00-04:00,2022-09-21 18:22:00-04:00,d,20,0.4209,0.4544,0.4545,7.8e-05,0.0975803566022418,-1.39,-1.5005,0.0021
17046,2022-09-21 18:43:00-04:00,2022-09-21 20:43:00-04:00,d,20,0.4176,0.4508,0.4509,8e-05,0.0904106317266118,-1.39,-1.5005,0.0021
17047,2022-09-21 22:15:00-04:00,2022-09-21 22:43:00-04:00,d,20,0.4185,0.4518,0.452,0.000181,0.0149257898050847,-1.39,-1.5005,0.0021
17048,2022-09-21 22:48:00-04:00,2022-09-22 00:25:00-04:00,d,20,0.4153,0.4483,0.4484,8.5e-05,0.0779847688862056,-1.39,-1.5005,0.0021
17049,2022-09-22 00:32:00-04:00,2022-09-22 03:26:00-04:00,d,20,0.4099,0.4425,0.4426,6.3e-05,0.1496289837929102,-1.39,-1.5005,0.0021
17050,2022-09-22 03:33:00-04:00,2022-09-22 04:18:00-04:00,d,20,0.4068,0.4392,0.4393,0.000137,0.0299101335017631,-1.39,-1.5005,0.0021
17051,2022-09-22 04:25:00-04:00,2022-09-22 07:54:00-04:00,d,20,0.4039,0.436,0.4361,5.8e-05,0.1584916998164944,-1.39,-1.5005,0.0021
17052,2022-09-22 08:02:00-04:00,2022-09-22 11:46:00-04:00,d,20,0.3961,0.4276,0.4276,5.4e-05,0.1881883131050595,-1.39,-1.5005,0.0021
17053,2022-09-22 11:58:00-04:00,2022-09-22 12:07:00-04:00,d,20,0.3932,0.4244,0.4245,0.000314,0.0056337474940152,-1.39,-1.5005,0.0021
17054,2022-09-22 12:13:00-04:00,2022-09-22 13:33:00-04:00,d,20,0.3934,0.4246,0.4247,0.000109,0.0425514120258729,-1.39,-1.5005,0.0021
17055,2022-09-22 14:57:00-04:00,2022-09-22 16:25:00-04:00,d,20,0.3935,0.4248,0.4248,8.7e-05,0.0710175204204736,-1.39,-1.5005,0.0021
17056,2022-09-22 16:34:00-04:00,2022-09-22 18:30:00-04:00,d,20,0.3892,0.4201,0.4202,7.2e-05,0.1033049886235763,-1.39,-1.5005,0.0021
17057,2022-09-22 18:35:00-04:00,2022-09-22 20:00:00-04:00,d,20,0.3863,0.417,0.417,8.2e-05,0.0809566049188883,-1.39,-1.5005,0.0021
17058,2022-09-22 21:55:00-04:00,2022-09-22 23:10:00-04:00,d,20,-0.3079,-0.3358,-0.3357,0.000562,0.0678934153595803,-1.39,-1.5159,0.0163
17059,2022-09-22 23:14:00-04:00,2022-09-23 00:31:00-04:00,d,20,-0.3282,-0.3579,-0.3578,0.000596,0.0666332941420748,-1.39,-1.5159,0.0163
17060,2022-09-23 00:39:00-04:00,2022-09-23 04:35:00-04:00,d,20,-0.3224,-0.3516,-0.3515,0.000324,0.2235679174410018,-1.39,-1.5159,0.0163
17061,2022-09-23 04:38:00-04:00,2022-09-23 06:28:00-04:00,d,20,-0.3182,-0.347,-0.3468,0.000468,0.1035072129615227,-1.39,-1.5159,0.0163
17063,2022-09-23 06:46:00-04:00,2022-09-23 10:38:00-04:00,d,20,-0.3159,-0.3445,-0.3443,0.000332,0.1997701659944095,-1.39,-1.5159,0.0163
17065,2022-09-23 12:02:00-04:00,2022-09-23 14:00:00-04:00,d,20,-0.3152,-0.3438,-0.3436,0.000457,0.1069082691053032,-1.39,-1.5159,0.0163
17227,2022-10-20 03:15:00-04:00,2022-10-20 07:10:00-04:00,d,20,0.4422,0.4751,0.4744,0.000774,0.1817356359620122,-1.39,-1.4933,0.0256
17229,2022-10-20 07:57:00-04:00,2022-10-20 08:10:00-04:00,d,20,0.427,0.4587,0.458,0.002781,0.0147369089497298,-1.39,-1.4933,0.0256
17230,2022-10-20 08:23:00-04:00,2022-10-20 09:59:00-04:00,d,20,0.4228,0.3996,0.4532,0.001112,0.0781679581858033,-1.39,-1.4933,0.0256
17231,2022-10-20 10:04:00-04:00,2022-10-20 10:31:00-04:00,d,20,0.4183,0.4494,0.4488,0.001994,0.0230788153829003,-1.39,-1.4933,0.0256
17233,2022-10-20 10:42:00-04:00,2022-10-20 13:21:00-04:00,d,20,0.4109,0.4414,0.4407,0.000791,0.1521889057494685,-1.42,-1.4933,0.0256
17236,2022-10-20 13:41:00-04:00,2022-10-20 14:45:00-04:00,d,20,0.4064,0.4274,0.4267,0.001352,0.0457632115353202,-1.42,-1.4933,0.0256
17237,2022-10-21 01:29:00-04:00,2022-10-21 06:11:00-04:00,d,20,0.4091,0.4302,0.4296,0.000627,0.225287425643617,-1.42,-1.4933,0.0256
17239,2022-10-21 06:32:00-04:00,2022-10-21 10:15:00-04:00,d,20,0.4063,0.4273,0.4266,0.000646,0.222516938809468,-1.42,-1.4933,0.0256
17240,2022-10-21 10:19:00-04:00,2022-10-21 13:57:00-04:00,d,20,0.4044,0.4253,0.4246,0.000655,0.2170273177825963,-1.42,-1.4933,0.0256
17242,2022-10-21 14:21:00-04:00,2022-10-21 17:03:00-04:00,d,20,0.3955,0.1814,0.4144,0.000825,0.1252766066536078,-1.42,-1.4933,0.0256
17243,2022-10-21 20:05:00-04:00,2022-10-21 20:37:00-04:00,d,20,0.4034,0.4242,0.4235,0.001633,0.0353132745272172,-1.42,-1.4933,0.0256
17244,2022-10-21 20:42:00-04:00,2022-10-21 21:09:00-04:00,d,20,0.4015,0.4222,0.4216,0.001948,0.0232000151563888,-1.42,-1.4933,0.0256
17245,2022-10-21 21:17:00-04:00,2022-10-22 01:03:00-04:00,d,20,0.3952,0.4156,0.4149,0.000621,0.2194885385074378,-1.42,-1.4933,0.0256
17246,2022-10-22 01:07:00-04:00,2022-10-22 04:29:00-04:00,d,20,0.3877,0.4077,0.4071,0.000635,0.2088965455645719,-1.42,-1.4933,0.0256
17248,2022-10-22 04:42:00-04:00,2022-10-22 08:16:00-04:00,d,20,0.3859,0.4059,0.4052,0.000626,0.208663484944069,-1.42,-1.4933,0.0256
17249,2022-10-22 08:20:00-04:00,2022-10-22 09:22:00-04:00,d,20,0.3833,0.4031,0.4025,0.001135,0.0637700274425391,-1.42,-1.4933,0.0256
17252,2022-10-22 10:05:00-04:00,2022-10-22 10:31:00-04:00,d,20,0.3818,0.4015,0.4009,0.001769,0.0252080450151687,-1.42,-1.4933,0.0256
17253,2022-10-22 10:44:00-04:00,2022-10-22 11:20:00-04:00,d,20,0.3815,0.4012,0.4005,0.001681,0.0258119286160629,-1.42,-1.4933,0.0256
17254,2022-10-22 11:23:00-04:00,2022-10-22 11:27:00-04:00,d,20,0.3805,0.4001,0.3995,0.004852,0.0036889286772437,-1.42,-1.4933,0.0256
17255,2022-10-22 11:36:00-04:00,2022-10-22 11:55:00-04:00,d,20,0.3805,0.4001,0.3995,0.00208,0.0183486283213755,-1.42,-1.4933,0.0256
17258,2022-10-22 12:25:00-04:00,2022-10-22 13:48:00-04:00,d,20,0.3786,0.3982,0.3975,0.001046,0.0712563344642266,-1.42,-1.4933,0.0256
17261,2022-10-22 14:17:00-04:00,2022-10-22 15:29:00-04:00,d,20,0.3755,0.3949,0.3943,0.001021,0.0767835999059942,-1.42,-1.4933,0.0256
17262,2022-10-22 15:35:00-04:00,2022-10-22 19:09:00-04:00,d,20,0.3527,0.3709,0.3703,0.000583,0.2062157451711298,-1.42,-1.4933,0.0256
17263,2022-10-22 19:15:00-04:00,2022-10-22 21:03:00-04:00,d,20,0.3652,0.384,0.3834,0.000827,0.1085480399072256,-1.42,-1.4933,0.0256
17264,2022-10-23 02:20:00-04:00,2022-10-23 05:59:00-04:00,d,20,-0.2322,-0.2549,-0.2548,8.4e-05,0.2226195062688604,-1.42,-1.5591,0.0059
17265,2022-10-23 06:02:00-04:00,2022-10-23 10:50:00-04:00,d,20,-0.265,-0.291,-0.2908,9.9e-05,0.2005532410394181,-1.42,-1.5591,0.0059
17266,2022-10-23 11:02:00-04:00,2022-10-23 12:52:00-04:00,d,20,-0.266,-0.292,-0.2919,0.000141,0.1018688647658822,-1.42,-1.5591,0.0059
17268,2022-10-23 22:14:00-04:00,2022-10-23 23:16:00-04:00,d,20,-0.2323,-0.255,-0.2548,0.000225,0.0604649009873589,-1.42,-1.5591,0.0059
17269,2022-10-23 23:41:00-04:00,2022-10-24 03:10:00-04:00,d,20,-0.2566,-0.2818,-0.2816,0.000154,0.1624792492406054,-1.42,-1.5591,0.0059
17270,2022-10-24 07:17:00-04:00,2022-10-24 11:11:00-04:00,d,20,-0.2759,-0.303,-0.3028,0.000128,0.1996600449501189,-1.42,-1.5591,0.0059
17271,2022-10-24 11:23:00-04:00,2022-10-24 14:57:00-04:00,d,20,-0.273,-0.2997,-0.2996,0.000113,0.1603431186307347,-1.42,-1.5591,0.0059
17272,2022-10-24 15:29:00-04:00,2022-10-24 16:44:00-04:00,d,20,-0.2711,-0.2977,-0.2975,0.000185,0.0598748084361248,-1.42,-1.5591,0.0059
17273,2022-10-24 16:56:00-04:00,2022-10-24 20:50:00-04:00,d,20,-0.2707,-0.3025,-0.2968,9.7e-05,0.2205823919916826,-1.42,-1.5591,0.0059
17274,2022-10-24 20:54:00-04:00,2022-10-25 00:41:00-04:00,d,20,-0.2774,-0.3046,-0.3045,0.0001,0.218755206312214,-1.42,-1.5591,0.0059
17275,2022-10-25 00:44:00-04:00,2022-10-25 01:08:00-04:00,d,20,-0.2762,-0.3033,-0.3031,0.000299,0.025270188810366,-1.42,-1.5591,0.0059
17276,2022-10-25 01:13:00-04:00,2022-10-25 04:36:00-04:00,d,20,-0.2791,-0.3064,-0.3064,0.000122,0.1448003567459038,-1.42,-1.5591,0.0059
17277,2022-10-25 06:00:00-04:00,2022-10-25 09:47:00-04:00,d,20,-0.2802,-0.3077,-0.3075,0.000102,0.215560673882535,-1.42,-1.5591,0.0059
17278,2022-10-25 09:51:00-04:00,2022-10-25 13:53:00-04:00,d,20,-0.2801,-0.3075,-0.3074,0.000107,0.1861895676362019,-1.42,-1.5591,0.0059
17281,2022-10-25 15:34:00-04:00,2022-10-25 18:32:00-04:00,d,20,-0.2798,-0.3072,-0.3071,0.000113,0.172559558270102,-1.42,-1.5591,0.0059
17282,2022-10-25 18:36:00-04:00,2022-10-25 21:00:00-04:00,d,20,-0.2784,-0.3056,-0.3055,0.000128,0.1341196790115537,-1.42,-1.5591,0.0059
17283,2022-10-25 21:04:00-04:00,2022-10-26 00:50:00-04:00,d,20,-0.2768,-0.304,-0.3038,0.000101,0.2141146278602028,-1.42,-1.5591,0.0059
17284,2022-10-26 00:54:00-04:00,2022-10-26 02:45:00-04:00,d,20,-0.2739,-0.3007,-0.3006,0.000148,0.095940978920845,-1.42,-1.5591,0.0059
17286,2022-10-26 03:01:00-04:00,2022-10-26 04:25:00-04:00,d,20,-0.2737,-0.3006,-0.3005,0.000175,0.0658449937490451,-1.42,-1.5591,0.0059
17287,2022-10-26 04:30:00-04:00,2022-10-26 08:28:00-04:00,d,20,-0.2733,-0.3001,-0.3,9.7e-05,0.2225520857563234,-1.42,-1.5591,0.0059
17288,2022-10-26 08:35:00-04:00,2022-10-26 12:15:00-04:00,d,20,-0.2708,-0.2973,-0.2972,0.000112,0.1614999296206137,-1.42,-1.5591,0.0059
17289,2022-10-26 12:31:00-04:00,2022-10-26 16:10:00-04:00,d,20,-0.2704,-0.2969,-0.2968,0.000143,0.0971270763644753,-1.42,-1.5591,0.0059
17290,2022-10-26 16:28:00-04:00,2022-10-26 18:24:00-04:00,d,20,-0.2683,-0.2945,-0.2944,0.000136,0.110064334003108,-1.42,-1.5591,0.0059
17292,2022-10-26 18:41:00-04:00,2022-10-26 19:45:00-04:00,d,20,-0.2669,-0.2931,-0.293,0.000187,0.0581189384220924,-1.42,-1.5591,0.0059
17293,2022-10-26 21:31:00-04:00,2022-10-27 01:12:00-04:00,d,20,-0.2652,-0.2912,-0.2912,9.5e-05,0.2191399735091738,-1.42,-1.5591,0.0059
17294,2022-10-27 01:17:00-04:00,2022-10-27 04:47:00-04:00,d,20,-0.2618,-0.2875,-0.2873,9.7e-05,0.2163235351537556,-1.42,-1.5591,0.0059
17295,2022-10-27 04:50:00-04:00,2022-10-27 06:15:00-04:00,d,20,-0.2616,-0.2872,-0.2873,0.000153,0.0844159931679687,-1.42,-1.5591,0.0059
17296,2022-10-27 06:30:00-04:00,2022-10-27 07:55:00-04:00,d,20,-0.2601,-0.2855,-0.2855,0.000164,0.0735262834312809,-1.42,-1.5591,0.0059
17491,2023-02-02 11:11:00-05:00,2023-02-02 12:08:00-05:00,d,15,0.4968,0.5313,0.5307,0.000481,0.0380196056705767,-3.37,-3.6039,0.0206
17492,2023-02-02 12:11:00-05:00,2023-02-02 15:44:00-05:00,d,15,0.4791,0.5124,0.5121,0.000259,0.1246345772316898,-3.37,-3.6039,0.0206
17493,2023-02-02 17:15:00-05:00,2023-02-02 21:15:00-05:00,d,15,0.4587,0.4906,0.4903,0.000212,0.1769049953623304,-3.37,-3.6039,0.0206
17494,2023-02-02 21:17:00-05:00,2023-02-03 01:21:00-05:00,d,15,0.4404,0.471,0.4708,0.000213,0.1536063101414121,-3.37,-3.6039,0.0206
17495,2023-02-03 01:23:00-05:00,2023-02-03 03:04:00-05:00,d,15,0.4326,0.4626,0.4624,0.000348,0.0522253671434207,-3.37,-3.6039,0.0206
17496,2023-02-03 03:09:00-05:00,2023-02-03 05:25:00-05:00,d,15,0.4256,0.4552,0.4551,0.000248,0.1123392173840437,-3.37,-3.6039,0.0206
17497,2023-02-03 05:33:00-05:00,2023-02-03 10:12:00-05:00,d,15,0.4158,0.4446,0.4446,0.000176,0.2128157276992402,-3.37,-3.6039,0.0206
17498,2023-02-03 10:31:00-05:00,2023-02-03 12:28:00-05:00,d,15,0.4135,0.4422,0.4422,0.000292,0.0775954009940839,-3.37,-3.6039,0.0206
17500,2023-02-03 13:05:00-05:00,2023-02-03 15:32:00-05:00,d,15,0.4094,0.3565,0.4376,0.000252,0.1006945265222678,-3.37,-3.6039,0.0206
17501,2023-02-03 15:58:00-05:00,2023-02-03 16:13:00-05:00,d,15,0.4071,0.4353,0.4354,0.000802,0.0105931990308938,-3.37,-3.6039,0.0206
17502,2023-02-03 16:23:00-05:00,2023-02-03 19:24:00-05:00,d,15,0.4011,0.429,0.4291,0.000212,0.1426727382154487,-3.37,-3.6039,0.0206
17504,2023-02-03 19:52:00-05:00,2023-02-03 20:08:00-05:00,d,15,0.3959,0.4233,0.4237,0.000672,0.0157732957561378,-3.37,-3.6039,0.0206
17505,2023-02-03 20:16:00-05:00,2023-02-04 00:17:00-05:00,d,15,0.3929,0.4201,0.4203,0.000188,0.1898086311122272,-3.37,-3.6039,0.0206
17506,2023-02-04 00:19:00-05:00,2023-02-04 04:25:00-05:00,d,15,0.3695,0.3951,0.3954,0.000166,0.2129271094591406,-3.37,-3.6039,0.0206
17507,2023-02-04 04:27:00-05:00,2023-02-04 08:23:00-05:00,d,15,0.3196,0.3418,0.3421,0.000182,0.1244103151814383,-3.37,-3.6039,0.0206
17508,2023-02-04 08:27:00-05:00,2023-02-04 12:09:00-05:00,d,15,0.3752,0.4012,0.4014,0.00019,0.1592015426102075,-3.37,-3.6039,0.0206
17509,2023-02-04 12:12:00-05:00,2023-02-04 15:31:00-05:00,d,15,0.3809,0.4074,0.4076,0.000243,0.074688191982064,-3.37,-3.6039,0.0206
17510,2023-02-04 21:08:00-05:00,2023-02-05 01:13:00-05:00,d,15,0.3823,0.4089,0.4091,0.000184,0.1571112497310772,-3.37,-3.6039,0.0206
17511,2023-02-05 01:15:00-05:00,2023-02-05 02:19:00-05:00,d,15,0.3782,0.4045,0.4049,0.000483,0.0204922566017807,-3.37,-3.6039,0.0206
17512,2023-02-05 03:50:00-05:00,2023-02-05 07:45:00-05:00,d,15,0.3764,0.4025,0.4028,0.000228,0.1050109162779149,-3.37,-3.6039,0.0206
17513,2023-02-05 08:41:00-05:00,2023-02-05 10:51:00-05:00,d,15,0.3741,0.4,0.4003,0.000239,0.0896058540573408,-3.37,-3.6039,0.0206
17523,2023-02-07 05:59:00-05:00,2023-02-07 06:25:00-05:00,d,15,-0.3732,-0.3725,-0.372,0.001317,0.0110237491809407,-3.65,-3.643,0.0425
17524,2023-02-07 06:28:00-05:00,2023-02-07 07:44:00-05:00,d,15,-0.3761,-0.3754,-0.375,0.00154,0.0089441274688598,-3.65,-3.643,0.0425
17527,2023-02-07 21:46:00-05:00,2023-02-08 01:54:00-05:00,d,15,-0.372,-0.3713,-0.3707,0.000436,0.1336923120709825,-3.65,-3.643,0.0425
17529,2023-02-08 03:03:00-05:00,2023-02-08 07:02:00-05:00,d,15,-0.3563,-0.3557,-0.3553,0.000378,0.1624629163874629,-3.65,-3.643,0.0425
17530,2023-02-08 07:05:00-05:00,2023-02-08 10:01:00-05:00,d,15,-0.3475,-0.3469,-0.3465,0.000411,0.1268019622628118,-3.65,-3.643,0.0425
17535,2023-02-09 01:20:00-05:00,2023-02-09 02:45:00-05:00,d,15,-0.343,-0.3424,-0.3419,0.000589,0.0609466127600891,-3.65,-3.643,0.0425
17537,2023-02-09 03:03:00-05:00,2023-02-09 05:59:00-05:00,d,15,-0.3349,-0.3342,-0.3339,0.000404,0.1229067715104966,-3.65,-3.643,0.0425
17538,2023-02-09 06:05:00-05:00,2023-02-09 10:03:00-05:00,d,15,-0.3412,-0.3406,-0.3402,0.000344,0.1749740151519908,-3.65,-3.643,0.0425
17540,2023-02-09 10:41:00-05:00,2023-02-09 14:42:00-05:00,d,15,-0.3299,-0.3293,-0.329,0.000334,0.1186163444528347,-3.65,-3.643,0.0425
17541,2023-02-09 14:50:00-05:00,2023-02-09 19:03:00-05:00,d,15,-0.3238,-0.3231,-0.3229,0.000339,0.1519084238373074,-3.65,-3.643,0.0425
17542,2023-02-09 19:06:00-05:00,2023-02-09 22:12:00-05:00,d,15,-0.3173,-0.3167,-0.3165,0.000388,0.1140466116953992,-3.65,-3.643,0.0425
17544,2023-02-10 21:24:00-05:00,2023-02-11 02:07:00-05:00,d,15,-0.2586,-0.2613,-0.2687,0.000173,0.2070349402175771,-3.65,-3.6875,0.0298
17545,2023-02-11 02:10:00-05:00,2023-02-11 06:08:00-05:00,d,15,-0.2584,-0.2611,-0.2687,0.000198,0.1588086752242649,-3.65,-3.6875,0.0298
17546,2023-02-11 06:10:00-05:00,2023-02-11 09:43:00-05:00,d,15,-0.2631,-0.2658,-0.2736,0.000205,0.1564100286964608,-3.65,-3.6875,0.0298
17547,2023-02-11 10:12:00-05:00,2023-02-11 14:12:00-05:00,d,15,-0.3091,-0.3123,-0.317,0.000257,0.1299751913592047,-3.65,-3.6875,0.0298
17548,2023-02-11 14:15:00-05:00,2023-02-11 15:55:00-05:00,d,15,-0.3091,-0.3123,-0.3123,0.000406,0.0547005937911756,-3.65,-3.6875,0.0298
17549,2023-02-11 16:02:00-05:00,2023-02-11 20:00:00-05:00,d,15,-0.3112,-0.3144,-0.3144,0.000215,0.2044272163046408,-3.65,-3.6875,0.0298
17550,2023-02-11 20:08:00-05:00,2023-02-12 00:07:00-05:00,d,15,-0.3103,-0.3135,-0.3136,0.000223,0.178067115116339,-3.65,-3.6875,0.0298
17551,2023-02-12 00:10:00-05:00,2023-02-12 04:04:00-05:00,d,15,-0.3105,-0.3137,-0.3139,0.000226,0.1692694253844931,-3.65,-3.6875,0.0298
17552,2023-02-12 04:06:00-05:00,2023-02-12 06:03:00-05:00,d,15,-0.3105,-0.3137,-0.3138,0.000449,0.0411294032335481,-3.65,-3.6875,0.0298
17554,2023-02-12 06:51:00-05:00,2023-02-12 08:53:00-05:00,d,15,-0.3091,-0.3123,-0.3124,0.000302,0.0917556957591105,-3.65,-3.6875,0.0298
17555,2023-02-12 10:17:00-05:00,2023-02-12 14:11:00-05:00,d,15,-0.3083,-0.3115,-0.3115,0.000215,0.1784773825503313,-3.65,-3.6875,0.0298
17556,2023-02-12 14:14:00-05:00,2023-02-12 16:14:00-05:00,d,15,-0.3061,-0.3093,-0.3093,0.000295,0.090097960837265,-3.65,-3.6875,0.0298
17557,2023-02-12 16:26:00-05:00,2023-02-12 17:15:00-05:00,d,15,-0.306,-0.3091,-0.3091,0.000474,0.0355451852398232,-3.65,-3.6875,0.0298
17558,2023-02-12 17:22:00-05:00,2023-02-12 21:21:00-05:00,d,15,-0.3058,-0.3089,-0.3089,0.000219,0.1738887979385685,-3.65,-3.6875,0.0298
17559,2023-02-12 21:23:00-05:00,2023-02-13 01:26:00-05:00,d,15,-0.3032,-0.3063,-0.3063,0.00021,0.1796971671691263,-3.65,-3.6875,0.0298
17560,2023-02-13 01:28:00-05:00,2023-02-13 05:19:00-05:00,d,15,-0.3011,-0.3042,-0.3044,0.00021,0.1822000302447511,-3.65,-3.6875,0.0298
17650,2023-02-25 10:45:00-05:00,2023-02-25 14:46:00-05:00,d,15,-0.4563,-0.442,-0.441,8.5e-05,0.19322653040465,-3.65,-3.5357,0.008
17651,2023-02-25 14:49:00-05:00,2023-02-25 15:46:00-05:00,d,15,-0.4141,-0.4012,-0.4002,0.000154,0.0484535953907776,-3.65,-3.5357,0.008
17652,2023-02-25 15:50:00-05:00,2023-02-25 17:17:00-05:00,d,15,-0.3993,-0.3868,-0.3859,0.000124,0.0672695145238741,-3.65,-3.5357,0.008
17653,2023-02-25 17:25:00-05:00,2023-02-25 21:26:00-05:00,d,15,-0.367,-0.3555,-0.3546,6.7e-05,0.1992073393674391,-3.65,-3.5357,0.008
17654,2023-02-25 21:28:00-05:00,2023-02-26 01:28:00-05:00,d,15,-0.3639,-0.3525,-0.3516,6.6e-05,0.2029214177192026,-3.65,-3.5357,0.008
17655,2023-02-26 01:50:00-05:00,2023-02-26 05:51:00-05:00,d,15,-0.3541,-0.343,-0.3421,6.6e-05,0.1765278344255894,-3.65,-3.5357,0.008
17658,2023-02-26 06:26:00-05:00,2023-02-26 10:28:00-05:00,d,15,-0.3536,-0.3425,-0.3417,6.7e-05,0.1867912711911276,-3.65,-3.5357,0.008
17659,2023-02-26 10:36:00-05:00,2023-02-26 13:07:00-05:00,d,15,-0.341,-0.3303,-0.3294,8.7e-05,0.1004964773029307,-3.65,-3.5357,0.008
17661,2023-02-26 14:58:00-05:00,2023-02-26 18:58:00-05:00,d,15,-0.3369,-0.3264,-0.3255,6.2e-05,0.1885273121772181,-3.65,-3.5357,0.008
17662,2023-02-26 19:04:00-05:00,2023-02-26 22:30:00-05:00,d,15,-0.3394,-0.3288,-0.328,6.8e-05,0.1623586950836265,-3.65,-3.5357,0.008
17664,2023-02-26 22:43:00-05:00,2023-02-27 02:20:00-05:00,d,15,-0.3379,-0.3273,-0.3265,6.5e-05,0.1777983983010189,-3.65,-3.5357,0.008
17665,2023-02-27 02:28:00-05:00,2023-02-27 06:28:00-05:00,d,15,-0.3348,-0.3243,-0.3235,6.1e-05,0.1776613954017547,-3.65,-3.5357,0.008
17666,2023-02-27 06:30:00-05:00,2023-02-27 08:38:00-05:00,d,15,-0.3343,-0.3238,-0.3231,8.4e-05,0.0945075384105893,-3.65,-3.5357,0.008
17667,2023-02-27 08:41:00-05:00,2023-02-27 10:46:00-05:00,d,15,-0.3336,-0.3232,-0.3225,9.1e-05,0.0785345587879934,-3.65,-3.5357,0.008
17678,2023-03-01 22:12:00-05:00,2023-03-02 02:13:00-05:00,d,15,0.4741,0.4798,0.4794,0.000337,0.123601752638134,-3.93,-3.9769,0.0295
17679,2023-03-02 02:15:00-05:00,2023-03-02 05:36:00-05:00,d,15,0.4647,0.4703,0.4699,0.000306,0.0956603858174912,-3.93,-3.9769,0.0295
17681,2023-03-02 06:42:00-05:00,2023-03-02 09:26:00-05:00,d,15,0.4583,0.4638,0.4634,0.000371,0.1049265653552219,-3.93,-3.9769,0.0295
17682,2023-03-02 13:59:00-05:00,2023-03-02 17:48:00-05:00,d,15,0.4565,0.4619,0.4617,0.000978,0.0155361908722479,-3.93,-3.9769,0.0295
17683,2023-03-02 20:05:00-05:00,2023-03-02 23:14:00-05:00,d,15,0.4452,0.4505,0.4503,0.000312,0.1491102177037332,-3.93,-3.9769,0.0295
17684,2023-03-02 23:21:00-05:00,2023-03-03 03:40:00-05:00,d,15,0.4307,0.4359,0.4357,0.000273,0.1760809536660952,-3.93,-3.9769,0.0295
17685,2023-03-03 03:43:00-05:00,2023-03-03 07:55:00-05:00,d,15,0.4173,0.4223,0.4222,0.000271,0.1787166858404745,-3.93,-3.9769,0.0295
17686,2023-03-03 08:04:00-05:00,2023-03-03 10:03:00-05:00,d,15,0.4099,0.4148,0.4147,0.000527,0.0442311977379689,-3.93,-3.9769,0.0295
17687,2023-03-03 20:24:00-05:00,2023-03-03 21:08:00-05:00,d,15,0.3932,0.3758,0.376,0.000292,0.0336505030106006,-3.93,-3.7566,0.0149
17688,2023-03-03 23:19:00-05:00,2023-03-04 00:55:00-05:00,d,15,0.4092,0.3912,0.3913,0.000215,0.0690641202428107,-3.93,-3.7566,0.0149
17689,2023-03-04 01:03:00-05:00,2023-03-04 02:57:00-05:00,d,15,0.4116,0.3934,0.3935,0.000191,0.0883824164338676,-3.93,-3.7566,0.0149
17690,2023-03-04 03:04:00-05:00,2023-03-04 03:30:00-05:00,d,15,0.4184,0.3999,0.4,0.00042,0.0197054823196085,-3.93,-3.7566,0.0149
17691,2023-03-04 03:37:00-05:00,2023-03-04 06:32:00-05:00,d,15,0.4179,0.3994,0.3995,0.000164,0.1312354995546586,-3.93,-3.7566,0.0149
17692,2023-03-04 06:41:00-05:00,2023-03-04 07:55:00-05:00,d,15,0.4114,0.3933,0.3934,0.000234,0.0606641847209124,-3.93,-3.7566,0.0149
17693,2023-03-04 12:27:00-05:00,2023-03-04 14:37:00-05:00,d,15,0.4114,0.3933,0.3934,0.000215,0.0696235289023524,-3.93,-3.7566,0.0149
17694,2023-03-04 19:09:00-05:00,2023-03-04 23:08:00-05:00,d,15,0.4009,0.3832,0.3833,0.00013,0.187925728975221,-3.93,-3.7566,0.0149
17695,2023-03-04 23:16:00-05:00,2023-03-05 03:32:00-05:00,d,15,0.3918,0.3745,0.3746,0.000131,0.1746569562207551,-3.93,-3.7566,0.0149
17696,2023-03-05 03:34:00-05:00,2023-03-05 07:22:00-05:00,d,15,0.3836,0.3667,0.3668,0.000141,0.1464152052401657,-3.93,-3.7566,0.0149
17697,2023-03-05 07:25:00-05:00,2023-03-05 11:26:00-05:00,d,15,0.3788,0.3621,0.3622,0.000123,0.1841041313879299,-3.93,-3.7566,0.0149
17698,2023-03-05 11:35:00-05:00,2023-03-05 15:07:00-05:00,d,15,0.3717,0.3553,0.3554,0.000125,0.17895727467136,-3.93,-3.7566,0.0149
17699,2023-03-05 15:14:00-05:00,2023-03-05 16:07:00-05:00,d,15,0.3683,0.3521,0.3521,0.00028,0.035002426717267,-3.93,-3.7566,0.0149
17700,2023-03-05 19:29:00-05:00,2023-03-05 23:29:00-05:00,d,15,0.3662,0.35,0.3501,0.000119,0.1791909262257885,-3.93,-3.7566,0.0149
17701,2023-03-05 23:32:00-05:00,2023-03-06 03:45:00-05:00,d,15,0.3612,0.3453,0.3454,0.000114,0.1813791828906127,-3.93,-3.7566,0.0149
17702,2023-03-06 03:48:00-05:00,2023-03-06 08:10:00-05:00,d,15,0.3532,0.3376,0.3378,0.000112,0.1786218758326992,-3.93,-3.7566,0.0149
17780,2023-03-15 20:10:00-04:00,2023-03-15 20:58:00-04:00,d,15,0.4761,0.4896,0.4892,0.000366,0.0386721822966707,-3.67,-3.7745,0.0152
17781,2023-03-15 21:14:00-04:00,2023-03-15 23:06:00-04:00,d,15,0.4702,0.4835,0.4832,0.000263,0.077438423022143,-3.67,-3.7745,0.0152
17782,2023-03-15 23:24:00-04:00,2023-03-16 00:02:00-04:00,d,15,0.4646,0.4778,0.4772,0.000409,0.0302800387170731,-3.67,-3.7745,0.0152
17783,2023-03-16 00:06:00-04:00,2023-03-16 03:13:00-04:00,d,15,0.4511,0.464,0.4634,0.000184,0.1444648384515353,-3.67,-3.7745,0.0152
17784,2023-03-16 05:32:00-04:00,2023-03-16 06:57:00-04:00,d,15,0.4408,0.4533,0.4528,0.000292,0.0538390322496057,-3.67,-3.7745,0.0152
17785,2023-03-16 07:05:00-04:00,2023-03-16 10:44:00-04:00,d,15,0.4303,0.4426,0.442,0.000161,0.1680409930085854,-3.67,-3.7745,0.0152
17786,2023-03-16 10:48:00-04:00,2023-03-16 14:23:00-04:00,d,15,0.4183,0.4302,0.4297,0.000162,0.1611281951326377,-3.67,-3.7745,0.0152
17787,2023-03-16 14:43:00-04:00,2023-03-16 19:01:00-04:00,d,15,0.4113,0.423,0.4224,0.000153,0.1672797440655722,-3.67,-3.7745,0.0152
17788,2023-03-16 19:06:00-04:00,2023-03-16 22:34:00-04:00,d,15,0.4012,0.4126,0.4121,0.000151,0.1670329836917315,-3.67,-3.7745,0.0152
17789,2023-03-16 22:39:00-04:00,2023-03-17 01:58:00-04:00,d,15,0.3903,0.4015,0.4009,0.000148,0.1664910042094664,-3.67,-3.7745,0.0152
17790,2023-03-17 02:10:00-04:00,2023-03-17 05:29:00-04:00,d,15,0.384,0.3949,0.3943,0.000145,0.167596991530599,-3.67,-3.7745,0.0152
17791,2023-03-17 05:35:00-04:00,2023-03-17 09:30:00-04:00,d,15,0.3774,0.3882,0.3876,0.000147,0.1559155432645515,-3.67,-3.7745,0.0152
17792,2023-03-17 14:43:00-04:00,2023-03-17 17:29:00-04:00,d,15,-0.2562,-0.2634,-0.2629,5e-05,0.1264991193729737,-3.67,-3.773,0.0068
17793,2023-03-17 17:34:00-04:00,2023-03-17 21:19:00-04:00,d,15,-0.2806,-0.2885,-0.288,4.6e-05,0.1770301889205516,-3.67,-3.773,0.0068
17794,2023-03-17 21:23:00-04:00,2023-03-18 01:06:00-04:00,d,15,-0.3072,-0.3158,-0.3153,5e-05,0.1783120480166499,-3.67,-3.773,0.0068
17795,2023-03-18 01:11:00-04:00,2023-03-18 02:38:00-04:00,d,15,-0.3093,-0.318,-0.3174,0.000107,0.0396133884044266,-3.67,-3.773,0.0068
17796,2023-03-18 05:51:00-04:00,2023-03-18 07:59:00-04:00,d,15,-0.2523,-0.2594,-0.259,5.5e-05,0.1064710399490057,-3.67,-3.773,0.0068
17797,2023-03-18 08:10:00-04:00,2023-03-18 11:35:00-04:00,d,15,-0.3053,-0.3139,-0.3134,5.1e-05,0.1722521625459109,-3.67,-3.773,0.0068
17798,2023-03-18 11:50:00-04:00,2023-03-18 15:01:00-04:00,d,15,-0.3296,-0.3389,-0.3385,5.8e-05,0.1465323856894037,-3.67,-3.773,0.0068
17799,2023-03-18 15:10:00-04:00,2023-03-18 17:27:00-04:00,d,15,-0.3269,-0.3361,-0.3357,6.9e-05,0.1013647784010954,-3.67,-3.773,0.0068
17800,2023-03-18 17:56:00-04:00,2023-03-18 21:47:00-04:00,d,15,-0.3281,-0.3373,-0.3368,5.3e-05,0.1788543913253872,-3.67,-3.773,0.0068
17801,2023-03-18 21:51:00-04:00,2023-03-18 22:40:00-04:00,d,15,-0.3221,-0.3312,-0.3308,0.000109,0.0422965238598493,-3.67,-3.773,0.0068
17802,2023-03-18 22:52:00-04:00,2023-03-19 02:41:00-04:00,d,15,-0.3227,-0.3318,-0.3314,5.2e-05,0.1803354192959106,-3.67,-3.773,0.0068
17803,2023-03-19 02:47:00-04:00,2023-03-19 06:52:00-04:00,d,15,-0.321,-0.33,-0.3296,5.4e-05,0.1702314480379044,-3.67,-3.773,0.0068
17804,2023-03-19 07:03:00-04:00,2023-03-19 08:49:00-04:00,d,15,-0.3213,-0.3303,-0.3299,7.5e-05,0.0835280326858914,-3.67,-3.773,0.0068
